school_code,school_name,school_level,is_public,school_type,province,city,alias_list,moe_code,update_time
10001,北京大学,普通本科,1,综合,广东省,广州,"[""北京大学""]",10001,2026-05-16 16:28:50.700411
10002,中国人民大学,普通本科,1,综合,广东省,阳江,"[""中国人民大学""]",10002,2026-05-16 16:28:50.700411
10003,清华大学,普通本科,1,综合,广东省,惠州,"[""清华大学""]",10003,2026-05-16 16:28:50.700411
10004,北京交通大学,普通本科,1,综合,广东省,东莞,"[""北京交通大学""]",10004,2026-05-16 16:28:50.700411
10005,北京工业大学,普通本科,1,综合,广东省,广州,"[""北京工业大学""]",10005,2026-05-16 16:28:50.700411
10006,"育
北京航空航天大学",普通本科,1,综合,广东省,广州,"[""育
北京航空航天大学""]",10006,2026-05-16 16:28:50.700411
10007,北京理工大学(中外合作办学),普通本科,1,综合,广东省,深圳,"[""北京理工大学(中外合作办学)""]",10007,2026-05-16 16:28:50.700411
10008,"省
北京科技大学",普通本科,1,综合,广东省,清远,"[""省
北京科技大学""]",10008,2026-05-16 16:28:50.700411
10010,北京化工大学,普通本科,1,综合,广东省,东莞,"[""北京化工大学""]",10010,2026-05-16 16:28:50.700411
10011,北京工商大学,普通本科,1,综合,广东省,珠海,"[""北京工商大学""]",10011,2026-05-16 16:28:50.700411
10012,北京服装学院,普通本科,1,综合,广东省,深圳,"[""北京服装学院""]",10012,2026-05-16 16:28:50.700411
10013,"省
北京邮电大学",普通本科,1,综合,广东省,汕尾,"[""省
北京邮电大学""]",10013,2026-05-16 16:28:50.700411
10015,北京印刷学院,普通本科,1,综合,广东省,肇庆,"[""北京印刷学院""]",10015,2026-05-16 16:28:50.700411
10016,北京建筑大学,普通本科,1,综合,广东省,广州,"[""北京建筑大学""]",10016,2026-05-16 16:28:50.700411
10017,北京石油化工学院,普通本科,1,综合,广东省,广州,"[""北京石油化工学院""]",10017,2026-05-16 16:28:50.700411
10019,中国农业大学,普通本科,1,综合,广东省,广州,"[""中国农业大学""]",10019,2026-05-16 16:28:50.700411
10022,北京林业大学,普通本科,1,综合,广东省,广州,"[""北京林业大学""]",10022,2026-05-16 16:28:50.700411
10026,北京中医药大学,普通本科,1,综合,广东省,佛山,"[""北京中医药大学""]",10026,2026-05-16 16:28:50.700411
10027,北京师范大学,普通本科,1,综合,广东省,广州,"[""北京师范大学""]",10027,2026-05-16 16:28:50.700411
10028,首都师范大学,普通本科,1,综合,广东省,广州,"[""首都师范大学""]",10028,2026-05-16 16:28:50.700411
10029,首都体育学院,普通本科,1,综合,广东省,东莞,"[""首都体育学院""]",10029,2026-05-16 16:28:50.700411
10030,北京外国语大学,普通本科,1,综合,广东省,深圳,"[""北京外国语大学""]",10030,2026-05-16 16:28:50.700411
10031,"试
北京第二外国语学院",普通本科,1,综合,广东省,广州,"[""试
北京第二外国语学院""]",10031,2026-05-16 16:28:50.700411
10032,北京语言大学,普通本科,1,综合,广东省,广州,"[""北京语言大学""]",10032,2026-05-16 16:28:50.700411
10033,"育
中国传媒大学",普通本科,1,综合,广东省,广州,"[""育
中国传媒大学""]",10033,2026-05-16 16:28:50.700411
10034,"省
中央财经大学",普通本科,1,综合,广东省,湛江,"[""省
中央财经大学""]",10034,2026-05-16 16:28:50.700411
10036,对外经济贸易大学,普通本科,1,综合,广东省,广州,"[""对外经济贸易大学""]",10036,2026-05-16 16:28:50.700411
10037,北京物资学院,普通本科,1,综合,广东省,广州,"[""北京物资学院""]",10037,2026-05-16 16:28:50.700411
10041,中国人民公安大学,普通本科,1,综合,广东省,东莞,"[""中国人民公安大学""]",10041,2026-05-16 16:28:50.700411
10043,"教
北京体育大学",普通本科,1,综合,广东省,深圳,"[""教
北京体育大学""]",10043,2026-05-16 16:28:50.700411
10046,"东
中国音乐学院",普通本科,1,综合,广东省,东莞,"[""东
中国音乐学院""]",10046,2026-05-16 16:28:50.700411
10047,中央美术学院,普通本科,1,综合,广东省,广州,"[""中央美术学院""]",10047,2026-05-16 16:28:50.700411
10050,北京电影学院,普通本科,1,综合,广东省,深圳,"[""北京电影学院""]",10050,2026-05-16 16:28:50.700411
10052,中央民族大学,普通本科,1,综合,广东省,阳江,"[""中央民族大学""]",10052,2026-05-16 16:28:50.700411
10053,中国政法大学,普通本科,1,综合,广东省,汕尾,"[""中国政法大学""]",10053,2026-05-16 16:28:50.700411
10054,华北电力大学(北京),普通本科,1,综合,广东省,茂名,"[""华北电力大学(北京)""]",10054,2026-05-16 16:28:50.700411
10055,南开大学,普通本科,1,综合,广东省,广州,"[""南开大学""]",10055,2026-05-16 16:28:50.700411
10056,天津大学,普通本科,1,综合,广东省,深圳,"[""天津大学""]",10056,2026-05-16 16:28:50.700411
10057,天津科技大学,普通本科,1,综合,广东省,珠海,"[""天津科技大学""]",10057,2026-05-16 16:28:50.700411
10058,天津工业大学,普通本科,1,综合,广东省,广州,"[""天津工业大学""]",10058,2026-05-16 16:28:50.700411
10059,"考
中国民航大学",普通本科,1,综合,广东省,深圳,"[""考
中国民航大学""]",10059,2026-05-16 16:28:50.700411
10060,天津理工大学,普通本科,1,综合,广东省,广州,"[""天津理工大学""]",10060,2026-05-16 16:28:50.700411
10061,"教
天津农学院",普通本科,1,综合,广东省,深圳,"[""教
天津农学院""]",10061,2026-05-16 16:28:50.700411
10063,天津中医药大学,普通本科,1,综合,广东省,潮州,"[""天津中医药大学""]",10063,2026-05-16 16:28:50.700411
10065,"教
天津师范大学",普通本科,1,综合,广东省,广州,"[""教
天津师范大学""]",10065,2026-05-16 16:28:50.700411
10066,"广
天津职业技术师范大学",普通本科,1,综合,广东省,珠海,"[""广
天津职业技术师范大学""]",10066,2026-05-16 16:28:50.700411
10068,天津外国语大学,普通本科,1,综合,广东省,广州,"[""天津外国语大学""]",10068,2026-05-16 16:28:50.700411
10069,天津商业大学,普通本科,1,综合,广东省,广州,"[""天津商业大学""]",10069,2026-05-16 16:28:50.700411
10070,天津财经大学,普通本科,1,综合,广东省,佛山,"[""天津财经大学""]",10070,2026-05-16 16:28:50.700411
10071,天津体育学院,普通本科,1,综合,广东省,广州,"[""天津体育学院""]",10071,2026-05-16 16:28:50.700411
10076,河北工程大学,普通本科,1,综合,广东省,汕尾,"[""河北工程大学""]",10076,2026-05-16 16:28:50.700411
10077,河北地质大学,普通本科,1,综合,广东省,湛江,"[""河北地质大学""]",10077,2026-05-16 16:28:50.700411
10078,华北水利水电大学,普通本科,1,综合,广东省,河源,"[""华北水利水电大学""]",10078,2026-05-16 16:28:50.700411
10079,华北电力大学(保定),普通本科,1,综合,广东省,梅州,"[""华北电力大学(保定)""]",10079,2026-05-16 16:28:50.700411
10080,"试
河北工业大学",普通本科,1,综合,广东省,东莞,"[""试
河北工业大学""]",10080,2026-05-16 16:28:50.700411
10081,"育
华北理工大学(中外合作办学)",普通本科,1,综合,广东省,潮州,"[""育
华北理工大学(中外合作办学)""]",10081,2026-05-16 16:28:50.700411
10089,河北医科大学,普通本科,1,综合,广东省,深圳,"[""河北医科大学""]",10089,2026-05-16 16:28:50.700411
10092,河北北方学院,普通本科,1,综合,广东省,广州,"[""河北北方学院""]",10092,2026-05-16 16:28:50.700411
10093,承德医学院,普通本科,1,综合,广东省,深圳,"[""承德医学院""]",10093,2026-05-16 16:28:50.700411
10094,河北师范大学,普通本科,1,综合,广东省,广州,"[""河北师范大学""]",10094,2026-05-16 16:28:50.700411
10101,衡水学院,普通本科,1,综合,广东省,广州,"[""衡水学院""]",10101,2026-05-16 16:28:50.700411
10103,邯郸学院,普通本科,1,综合,广东省,广州,"[""邯郸学院""]",10103,2026-05-16 16:28:50.700411
10104,邢台学院,普通本科,1,综合,广东省,肇庆,"[""邢台学院""]",10104,2026-05-16 16:28:50.700411
10105,沧州师范学院,普通本科,1,综合,广东省,广州,"[""沧州师范学院""]",10105,2026-05-16 16:28:50.700411
10107,"广
石家庄铁道大学",普通本科,1,综合,广东省,广州,"[""广
石家庄铁道大学""]",10107,2026-05-16 16:28:50.700411
10108,山西大学,普通本科,1,综合,广东省,佛山,"[""山西大学""]",10108,2026-05-16 16:28:50.700411
10109,太原科技大学,普通本科,1,综合,广东省,深圳,"[""太原科技大学""]",10109,2026-05-16 16:28:50.700411
10110,中北大学,普通本科,1,综合,广东省,茂名,"[""中北大学""]",10110,2026-05-16 16:28:50.700411
10112,太原理工大学,普通本科,1,综合,广东省,深圳,"[""太原理工大学""]",10112,2026-05-16 16:28:50.700411
10113,山西农业大学,普通本科,1,综合,广东省,云浮,"[""山西农业大学""]",10113,2026-05-16 16:28:50.700411
10114,山西医科大学,普通本科,1,综合,广东省,湛江,"[""山西医科大学""]",10114,2026-05-16 16:28:50.700411
10117,长治医学院,普通本科,1,综合,广东省,广州,"[""长治医学院""]",10117,2026-05-16 16:28:50.700411
10118,山西师范大学,普通本科,1,综合,广东省,深圳,"[""山西师范大学""]",10118,2026-05-16 16:28:50.700411
10120,山西大同大学,普通本科,1,综合,广东省,汕头,"[""山西大同大学""]",10120,2026-05-16 16:28:50.700411
10124,忻州师范学院,普通本科,1,综合,广东省,珠海,"[""忻州师范学院""]",10124,2026-05-16 16:28:50.700411
10125,山西财经大学,普通本科,1,综合,广东省,惠州,"[""山西财经大学""]",10125,2026-05-16 16:28:50.700411
10126,"考
内蒙古大学",普通本科,1,综合,广东省,江门,"[""考
内蒙古大学""]",10126,2026-05-16 16:28:50.700411
10127,"省
内蒙古科技大学",普通本科,1,综合,广东省,深圳,"[""省
内蒙古科技大学""]",10127,2026-05-16 16:28:50.700411
10128,内蒙古工业大学,普通本科,1,综合,广东省,广州,"[""内蒙古工业大学""]",10128,2026-05-16 16:28:50.700411
10129,内蒙古农业大学,普通本科,1,综合,广东省,深圳,"[""内蒙古农业大学""]",10129,2026-05-16 16:28:50.700411
10132,内蒙古医科大学,普通本科,1,综合,广东省,清远,"[""内蒙古医科大学""]",10132,2026-05-16 16:28:50.700411
10135,"东
内蒙古师范大学",普通本科,1,综合,广东省,东莞,"[""东
内蒙古师范大学""]",10135,2026-05-16 16:28:50.700411
10136,内蒙古民族大学,普通本科,1,综合,广东省,广州,"[""内蒙古民族大学""]",10136,2026-05-16 16:28:50.700411
10140,辽宁大学,普通本科,1,综合,广东省,深圳,"[""辽宁大学""]",10140,2026-05-16 16:28:50.700411
10141,大连理工大学,普通本科,1,综合,广东省,广州,"[""大连理工大学""]",10141,2026-05-16 16:28:50.700411
10142,沈阳工业大学,普通本科,1,综合,广东省,广州,"[""沈阳工业大学""]",10142,2026-05-16 16:28:50.700411
10143,沈阳航空航天大学,普通本科,1,综合,广东省,惠州,"[""沈阳航空航天大学""]",10143,2026-05-16 16:28:50.700411
10144,沈阳理工大学,普通本科,1,综合,广东省,东莞,"[""沈阳理工大学""]",10144,2026-05-16 16:28:50.700411
10145,东北大学,普通本科,1,综合,广东省,梅州,"[""东北大学""]",10145,2026-05-16 16:28:50.700411
10146,辽宁科技大学,普通本科,1,综合,广东省,广州,"[""辽宁科技大学""]",10146,2026-05-16 16:28:50.700411
10147,"育
辽宁工程技术大学",普通本科,1,综合,广东省,深圳,"[""育
辽宁工程技术大学""]",10147,2026-05-16 16:28:50.700411
10148,"教
辽宁石油化工大学",普通本科,1,综合,广东省,珠海,"[""教
辽宁石油化工大学""]",10148,2026-05-16 16:28:50.700411
10149,"省
沈阳化工大学",普通本科,1,综合,广东省,江门,"[""省
沈阳化工大学""]",10149,2026-05-16 16:28:50.700411
10150,大连交通大学(中外合作办学),普通本科,1,综合,广东省,佛山,"[""大连交通大学(中外合作办学)""]",10150,2026-05-16 16:28:50.700411
10151,大连海事大学,普通本科,1,综合,广东省,江门,"[""大连海事大学""]",10151,2026-05-16 16:28:50.700411
10152,大连工业大学,普通本科,1,综合,广东省,广州,"[""大连工业大学""]",10152,2026-05-16 16:28:50.700411
10153,沈阳建筑大学,普通本科,1,综合,广东省,广州,"[""沈阳建筑大学""]",10153,2026-05-16 16:28:50.700411
10158,大连海洋大学,普通本科,1,综合,广东省,广州,"[""大连海洋大学""]",10158,2026-05-16 16:28:50.700411
10159,中国医科大学,普通本科,1,综合,广东省,深圳,"[""中国医科大学""]",10159,2026-05-16 16:28:50.700411
10160,锦州医科大学,普通本科,1,综合,广东省,深圳,"[""锦州医科大学""]",10160,2026-05-16 16:28:50.700411
10161,大连医科大学,普通本科,1,综合,广东省,深圳,"[""大连医科大学""]",10161,2026-05-16 16:28:50.700411
10162,辽宁中医药大学,普通本科,1,综合,广东省,东莞,"[""辽宁中医药大学""]",10162,2026-05-16 16:28:50.700411
10163,沈阳药科大学,普通本科,1,综合,广东省,广州,"[""沈阳药科大学""]",10163,2026-05-16 16:28:50.700411
10164,沈阳医学院,普通本科,1,综合,广东省,广州,"[""沈阳医学院""]",10164,2026-05-16 16:28:50.700411
10165,"试
辽宁师范大学(中外合作办学)",普通本科,1,综合,广东省,潮州,"[""试
辽宁师范大学(中外合作办学)""]",10165,2026-05-16 16:28:50.700411
10167,渤海大学,普通本科,1,综合,广东省,广州,"[""渤海大学""]",10167,2026-05-16 16:28:50.700411
10169,"考
鞍山师范学院",普通本科,1,综合,广东省,广州,"[""考
鞍山师范学院""]",10169,2026-05-16 16:28:50.700411
10172,大连外国语大学,普通本科,1,综合,广东省,江门,"[""大连外国语大学""]",10172,2026-05-16 16:28:50.700411
10173,东北财经大学,普通本科,1,综合,广东省,广州,"[""东北财经大学""]",10173,2026-05-16 16:28:50.700411
10183,吉林大学,普通本科,1,综合,广东省,深圳,"[""吉林大学""]",10183,2026-05-16 16:28:50.700411
10184,"东
延边大学",普通本科,1,综合,广东省,广州,"[""东
延边大学""]",10184,2026-05-16 16:28:50.700411
10186,长春理工大学,普通本科,1,综合,广东省,广州,"[""长春理工大学""]",10186,2026-05-16 16:28:50.700411
10188,东北电力大学,普通本科,1,综合,广东省,河源,"[""东北电力大学""]",10188,2026-05-16 16:28:50.700411
10190,长春工业大学,普通本科,1,综合,广东省,茂名,"[""长春工业大学""]",10190,2026-05-16 16:28:50.700411
10191,吉林建筑大学,普通本科,1,综合,广东省,东莞,"[""吉林建筑大学""]",10191,2026-05-16 16:28:50.700411
10193,吉林农业大学,普通本科,1,综合,广东省,韶关,"[""吉林农业大学""]",10193,2026-05-16 16:28:50.700411
10199,长春中医药大学,普通本科,1,综合,广东省,茂名,"[""长春中医药大学""]",10199,2026-05-16 16:28:50.700411
10200,"考
东北师范大学",普通本科,1,综合,广东省,广州,"[""考
东北师范大学""]",10200,2026-05-16 16:28:50.700411
10201,北华大学,普通本科,1,综合,广东省,梅州,"[""北华大学""]",10201,2026-05-16 16:28:50.700411
10203,"教
吉林师范大学",普通本科,1,综合,广东省,佛山,"[""教
吉林师范大学""]",10203,2026-05-16 16:28:50.700411
10205,长春师范大学,普通本科,1,综合,广东省,茂名,"[""长春师范大学""]",10205,2026-05-16 16:28:50.700411
10206,白城师范学院,普通本科,1,综合,广东省,梅州,"[""白城师范学院""]",10206,2026-05-16 16:28:50.700411
10207,吉林财经大学,普通本科,1,综合,广东省,广州,"[""吉林财经大学""]",10207,2026-05-16 16:28:50.700411
10212,黑龙江大学,普通本科,1,综合,广东省,深圳,"[""黑龙江大学""]",10212,2026-05-16 16:28:50.700411
10213,哈尔滨工业大学(中外合作办学),普通本科,1,综合,广东省,广州,"[""哈尔滨工业大学(中外合作办学)""]",10213,2026-05-16 16:28:50.700411
10214,哈尔滨理工大学,普通本科,1,综合,广东省,广州,"[""哈尔滨理工大学""]",10214,2026-05-16 16:28:50.700411
10216,燕山大学,普通本科,1,综合,广东省,汕头,"[""燕山大学""]",10216,2026-05-16 16:28:50.700411
10217,哈尔滨工程大学,普通本科,1,综合,广东省,清远,"[""哈尔滨工程大学""]",10217,2026-05-16 16:28:50.700411
10219,黑龙江科技大学,普通本科,1,综合,广东省,深圳,"[""黑龙江科技大学""]",10219,2026-05-16 16:28:50.700411
10220,东北石油大学,普通本科,1,综合,广东省,广州,"[""东北石油大学""]",10220,2026-05-16 16:28:50.700411
10222,佳木斯大学,普通本科,1,综合,广东省,广州,"[""佳木斯大学""]",10222,2026-05-16 16:28:50.700411
10224,东北农业大学,普通本科,1,综合,广东省,广州,"[""东北农业大学""]",10224,2026-05-16 16:28:50.700411
10225,"育
东北林业大学",普通本科,1,综合,广东省,深圳,"[""育
东北林业大学""]",10225,2026-05-16 16:28:50.700411
10226,"省
哈尔滨医科大学",普通本科,1,综合,广东省,广州,"[""省
哈尔滨医科大学""]",10226,2026-05-16 16:28:50.700411
10228,黑龙江中医药大学,普通本科,1,综合,广东省,阳江,"[""黑龙江中医药大学""]",10228,2026-05-16 16:28:50.700411
10229,牡丹江医科大学,普通本科,1,综合,广东省,广州,"[""牡丹江医科大学""]",10229,2026-05-16 16:28:50.700411
10231,"教
哈尔滨师范大学",普通本科,1,综合,广东省,广州,"[""教
哈尔滨师范大学""]",10231,2026-05-16 16:28:50.700411
10232,齐齐哈尔大学,普通本科,1,综合,广东省,珠海,"[""齐齐哈尔大学""]",10232,2026-05-16 16:28:50.700411
10233,牡丹江师范学院,普通本科,1,综合,广东省,广州,"[""牡丹江师范学院""]",10233,2026-05-16 16:28:50.700411
10234,哈尔滨学院,普通本科,1,综合,广东省,汕尾,"[""哈尔滨学院""]",10234,2026-05-16 16:28:50.700411
10240,哈尔滨商业大学,普通本科,1,综合,广东省,汕尾,"[""哈尔滨商业大学""]",10240,2026-05-16 16:28:50.700411
10242,哈尔滨体育学院,普通本科,1,综合,广东省,广州,"[""哈尔滨体育学院""]",10242,2026-05-16 16:28:50.700411
10245,哈尔滨金融学院,普通本科,1,综合,广东省,广州,"[""哈尔滨金融学院""]",10245,2026-05-16 16:28:50.700411
10246,复旦大学,普通本科,1,综合,广东省,广州,"[""复旦大学""]",10246,2026-05-16 16:28:50.700411
10247,同济大学,普通本科,1,综合,广东省,广州,"[""同济大学""]",10247,2026-05-16 16:28:50.700411
10248,上海交通大学,普通本科,1,综合,广东省,深圳,"[""上海交通大学""]",10248,2026-05-16 16:28:50.700411
10251,华东理工大学,普通本科,1,综合,广东省,东莞,"[""华东理工大学""]",10251,2026-05-16 16:28:50.700411
10252,上海理工大学,普通本科,1,综合,广东省,广州,"[""上海理工大学""]",10252,2026-05-16 16:28:50.700411
10254,上海海事大学,普通本科,1,综合,广东省,深圳,"[""上海海事大学""]",10254,2026-05-16 16:28:50.700411
10255,东华大学,普通本科,1,综合,广东省,广州,"[""东华大学""]",10255,2026-05-16 16:28:50.700411
10256,"试
上海电力大学",普通本科,1,综合,广东省,潮州,"[""试
上海电力大学""]",10256,2026-05-16 16:28:50.700411
10259,上海应用技术大学,普通本科,1,综合,广东省,广州,"[""上海应用技术大学""]",10259,2026-05-16 16:28:50.700411
10262,上海健康医学院,普通本科,1,综合,广东省,广州,"[""上海健康医学院""]",10262,2026-05-16 16:28:50.700411
10264,上海海洋大学(中外合作办学),普通本科,1,综合,广东省,广州,"[""上海海洋大学(中外合作办学)""]",10264,2026-05-16 16:28:50.700411
10269,华东师范大学,普通本科,1,综合,广东省,云浮,"[""华东师范大学""]",10269,2026-05-16 16:28:50.700411
10270,上海师范大学(中外合作办学),普通本科,1,综合,广东省,广州,"[""上海师范大学(中外合作办学)""]",10270,2026-05-16 16:28:50.700411
10271,上海外国语大学(中外合作办学),普通本科,1,综合,广东省,珠海,"[""上海外国语大学(中外合作办学)""]",10271,2026-05-16 16:28:50.700411
10272,上海财经大学,普通本科,1,综合,广东省,江门,"[""上海财经大学""]",10272,2026-05-16 16:28:50.700411
10274,上海海关学院,普通本科,1,综合,广东省,广州,"[""上海海关学院""]",10274,2026-05-16 16:28:50.700411
10276,"教
华东政法大学",普通本科,1,综合,广东省,惠州,"[""教
华东政法大学""]",10276,2026-05-16 16:28:50.700411
10277,上海体育大学,普通本科,1,综合,广东省,广州,"[""上海体育大学""]",10277,2026-05-16 16:28:50.700411
10280,"省
上海大学(中外合作办学)",普通本科,1,综合,广东省,东莞,"[""省
上海大学(中外合作办学)""]",10280,2026-05-16 16:28:50.700411
10284,南京大学,普通本科,1,综合,广东省,东莞,"[""南京大学""]",10284,2026-05-16 16:28:50.700411
10285,苏州大学,普通本科,1,综合,广东省,佛山,"[""苏州大学""]",10285,2026-05-16 16:28:50.700411
10286,东南大学,普通本科,1,综合,广东省,深圳,"[""东南大学""]",10286,2026-05-16 16:28:50.700411
10287,南京航空航天大学,普通本科,1,综合,广东省,肇庆,"[""南京航空航天大学""]",10287,2026-05-16 16:28:50.700411
10288,南京理工大学,普通本科,1,综合,广东省,广州,"[""南京理工大学""]",10288,2026-05-16 16:28:50.700411
10289,江苏科技大学,普通本科,1,综合,广东省,广州,"[""江苏科技大学""]",10289,2026-05-16 16:28:50.700411
10290,中国矿业大学,普通本科,1,综合,广东省,深圳,"[""中国矿业大学""]",10290,2026-05-16 16:28:50.700411
10291,南京工业大学,普通本科,1,综合,广东省,东莞,"[""南京工业大学""]",10291,2026-05-16 16:28:50.700411
10292,常州大学,普通本科,1,综合,广东省,珠海,"[""常州大学""]",10292,2026-05-16 16:28:50.700411
10293,南京邮电大学,普通本科,1,综合,广东省,深圳,"[""南京邮电大学""]",10293,2026-05-16 16:28:50.700411
10294,河海大学,普通本科,1,综合,广东省,广州,"[""河海大学""]",10294,2026-05-16 16:28:50.700411
10295,江南大学(中外合作办学),普通本科,1,综合,广东省,广州,"[""江南大学(中外合作办学)""]",10295,2026-05-16 16:28:50.700411
10298,"育
南京林业大学",普通本科,1,综合,广东省,珠海,"[""育
南京林业大学""]",10298,2026-05-16 16:28:50.700411
10299,"教
江苏大学",普通本科,1,综合,广东省,广州,"[""教
江苏大学""]",10299,2026-05-16 16:28:50.700411
10300,"省
南京信息工程大学",普通本科,1,综合,广东省,珠海,"[""省
南京信息工程大学""]",10300,2026-05-16 16:28:50.700411
10304,南通大学,普通本科,1,综合,广东省,广州,"[""南通大学""]",10304,2026-05-16 16:28:50.700411
10305,盐城工学院,普通本科,1,综合,广东省,河源,"[""盐城工学院""]",10305,2026-05-16 16:28:50.700411
10307,南京农业大学,普通本科,1,综合,广东省,深圳,"[""南京农业大学""]",10307,2026-05-16 16:28:50.700411
10312,"省
南京医科大学",普通本科,1,综合,广东省,广州,"[""省
南京医科大学""]",10312,2026-05-16 16:28:50.700411
10315,南京中医药大学,普通本科,1,综合,广东省,深圳,"[""南京中医药大学""]",10315,2026-05-16 16:28:50.700411
10316,"东
中国药科大学",普通本科,1,综合,广东省,河源,"[""东
中国药科大学""]",10316,2026-05-16 16:28:50.700411
10319,"广
南京师范大学",普通本科,1,综合,广东省,韶关,"[""广
南京师范大学""]",10319,2026-05-16 16:28:50.700411
10320,江苏师范大学(中外合作办学),普通本科,1,综合,广东省,广州,"[""江苏师范大学(中外合作办学)""]",10320,2026-05-16 16:28:50.700411
10324,盐城师范学院,普通本科,1,综合,广东省,珠海,"[""盐城师范学院""]",10324,2026-05-16 16:28:50.700411
10327,南京财经大学(中外合作办学),普通本科,1,综合,广东省,汕头,"[""南京财经大学(中外合作办学)""]",10327,2026-05-16 16:28:50.700411
10331,南京艺术学院,普通本科,1,综合,广东省,佛山,"[""南京艺术学院""]",10331,2026-05-16 16:28:50.700411
10332,苏州科技大学,普通本科,1,综合,广东省,佛山,"[""苏州科技大学""]",10332,2026-05-16 16:28:50.700411
10333,常熟理工学院,普通本科,1,综合,广东省,广州,"[""常熟理工学院""]",10333,2026-05-16 16:28:50.700411
10335,浙江大学,普通本科,1,综合,广东省,深圳,"[""浙江大学""]",10335,2026-05-16 16:28:50.700411
10336,杭州电子科技大学,普通本科,1,综合,广东省,梅州,"[""杭州电子科技大学""]",10336,2026-05-16 16:28:50.700411
10337,浙江工业大学,普通本科,1,综合,广东省,梅州,"[""浙江工业大学""]",10337,2026-05-16 16:28:50.700411
10338,浙江理工大学,普通本科,1,综合,广东省,东莞,"[""浙江理工大学""]",10338,2026-05-16 16:28:50.700411
10340,浙江海洋大学,普通本科,1,综合,广东省,广州,"[""浙江海洋大学""]",10340,2026-05-16 16:28:50.700411
10341,浙江农林大学,普通本科,1,综合,广东省,广州,"[""浙江农林大学""]",10341,2026-05-16 16:28:50.700411
10343,温州医科大学,普通本科,1,综合,广东省,惠州,"[""温州医科大学""]",10343,2026-05-16 16:28:50.700411
10344,"教
浙江中医药大学",普通本科,1,综合,广东省,梅州,"[""教
浙江中医药大学""]",10344,2026-05-16 16:28:50.700411
10345,浙江师范大学,普通本科,1,综合,广东省,梅州,"[""浙江师范大学""]",10345,2026-05-16 16:28:50.700411
10346,"广
杭州师范大学",普通本科,1,综合,广东省,湛江,"[""广
杭州师范大学""]",10346,2026-05-16 16:28:50.700411
10347,湖州师范学院,普通本科,1,综合,广东省,珠海,"[""湖州师范学院""]",10347,2026-05-16 16:28:50.700411
10351,温州大学,普通本科,1,综合,广东省,深圳,"[""温州大学""]",10351,2026-05-16 16:28:50.700411
10352,丽水学院,普通本科,1,综合,广东省,广州,"[""丽水学院""]",10352,2026-05-16 16:28:50.700411
10353,浙江工商大学,普通本科,1,综合,广东省,梅州,"[""浙江工商大学""]",10353,2026-05-16 16:28:50.700411
10354,嘉兴大学,普通本科,1,综合,广东省,东莞,"[""嘉兴大学""]",10354,2026-05-16 16:28:50.700411
10355,中国美术学院,普通本科,1,综合,广东省,深圳,"[""中国美术学院""]",10355,2026-05-16 16:28:50.700411
10356,中国计量大学,普通本科,1,综合,广东省,深圳,"[""中国计量大学""]",10356,2026-05-16 16:28:50.700411
10357,安徽大学,普通本科,1,综合,广东省,珠海,"[""安徽大学""]",10357,2026-05-16 16:28:50.700411
10358,"考
中国科学技术大学",普通本科,1,综合,广东省,深圳,"[""考
中国科学技术大学""]",10358,2026-05-16 16:28:50.700411
10359,合肥工业大学,普通本科,1,综合,广东省,广州,"[""合肥工业大学""]",10359,2026-05-16 16:28:50.700411
10360,安徽工业大学,普通本科,1,综合,广东省,佛山,"[""安徽工业大学""]",10360,2026-05-16 16:28:50.700411
10361,"教
安徽理工大学",普通本科,1,综合,广东省,珠海,"[""教
安徽理工大学""]",10361,2026-05-16 16:28:50.700411
10363,安徽工程大学,普通本科,1,综合,广东省,珠海,"[""安徽工程大学""]",10363,2026-05-16 16:28:50.700411
10364,安徽农业大学,普通本科,1,综合,广东省,广州,"[""安徽农业大学""]",10364,2026-05-16 16:28:50.700411
10366,安徽医科大学,普通本科,1,综合,广东省,珠海,"[""安徽医科大学""]",10366,2026-05-16 16:28:50.700411
10369,"省
安徽中医药大学",普通本科,1,综合,广东省,广州,"[""省
安徽中医药大学""]",10369,2026-05-16 16:28:50.700411
10370,"东
安徽师范大学",普通本科,1,综合,广东省,广州,"[""东
安徽师范大学""]",10370,2026-05-16 16:28:50.700411
10372,安庆师范大学,普通本科,1,综合,广东省,中山,"[""安庆师范大学""]",10372,2026-05-16 16:28:50.700411
10373,淮北师范大学,普通本科,1,综合,广东省,珠海,"[""淮北师范大学""]",10373,2026-05-16 16:28:50.700411
10378,安徽财经大学,普通本科,1,综合,广东省,清远,"[""安徽财经大学""]",10378,2026-05-16 16:28:50.700411
10383,铜陵学院,普通本科,1,综合,广东省,珠海,"[""铜陵学院""]",10383,2026-05-16 16:28:50.700411
10384,厦门大学,普通本科,1,综合,广东省,佛山,"[""厦门大学""]",10384,2026-05-16 16:28:50.700411
10385,华侨大学,普通本科,1,综合,广东省,深圳,"[""华侨大学""]",10385,2026-05-16 16:28:50.700411
10386,福州大学(闽台合作),普通本科,1,综合,广东省,广州,"[""福州大学(闽台合作)""]",10386,2026-05-16 16:28:50.700411
10388,福建理工大学,普通本科,1,综合,广东省,广州,"[""福建理工大学""]",10388,2026-05-16 16:28:50.700411
10389,福建农林大学,普通本科,1,综合,广东省,广州,"[""福建农林大学""]",10389,2026-05-16 16:28:50.700411
10390,集美大学,普通本科,1,综合,广东省,汕尾,"[""集美大学""]",10390,2026-05-16 16:28:50.700411
10392,福建医科大学,普通本科,1,综合,广东省,广州,"[""福建医科大学""]",10392,2026-05-16 16:28:50.700411
10393,"省
福建中医药大学",普通本科,1,综合,广东省,梅州,"[""省
福建中医药大学""]",10393,2026-05-16 16:28:50.700411
10394,福建师范大学,普通本科,1,综合,广东省,东莞,"[""福建师范大学""]",10394,2026-05-16 16:28:50.700411
10395,闽江学院,普通本科,1,综合,广东省,茂名,"[""闽江学院""]",10395,2026-05-16 16:28:50.700411
10397,武夷学院,普通本科,1,综合,广东省,广州,"[""武夷学院""]",10397,2026-05-16 16:28:50.700411
10399,泉州师范学院,普通本科,1,综合,广东省,佛山,"[""泉州师范学院""]",10399,2026-05-16 16:28:50.700411
10402,闽南师范大学(联合培养),普通本科,1,综合,广东省,广州,"[""闽南师范大学(联合培养)""]",10402,2026-05-16 16:28:50.700411
10403,南昌大学,普通本科,1,综合,广东省,广州,"[""南昌大学""]",10403,2026-05-16 16:28:50.700411
10404,华东交通大学,普通本科,1,综合,广东省,惠州,"[""华东交通大学""]",10404,2026-05-16 16:28:50.700411
10405,东华理工大学(联合培养),普通本科,1,综合,广东省,广州,"[""东华理工大学(联合培养)""]",10405,2026-05-16 16:28:50.700411
10406,南昌航空大学,普通本科,1,综合,广东省,深圳,"[""南昌航空大学""]",10406,2026-05-16 16:28:50.700411
10407,江西理工大学,普通本科,1,综合,广东省,珠海,"[""江西理工大学""]",10407,2026-05-16 16:28:50.700411
10408,景德镇陶瓷大学,普通本科,1,综合,广东省,广州,"[""景德镇陶瓷大学""]",10408,2026-05-16 16:28:50.700411
10410,江西农业大学,普通本科,1,综合,广东省,河源,"[""江西农业大学""]",10410,2026-05-16 16:28:50.700411
10412,江西中医药大学,普通本科,1,综合,广东省,阳江,"[""江西中医药大学""]",10412,2026-05-16 16:28:50.700411
10413,赣南医科大学,普通本科,1,综合,广东省,潮州,"[""赣南医科大学""]",10413,2026-05-16 16:28:50.700411
10414,"教
江西师范大学",普通本科,1,综合,广东省,广州,"[""教
江西师范大学""]",10414,2026-05-16 16:28:50.700411
10416,上饶师范学院,普通本科,1,综合,广东省,深圳,"[""上饶师范学院""]",10416,2026-05-16 16:28:50.700411
10417,宜春学院,普通本科,1,综合,广东省,河源,"[""宜春学院""]",10417,2026-05-16 16:28:50.700411
10418,赣南师范大学,普通本科,1,综合,广东省,广州,"[""赣南师范大学""]",10418,2026-05-16 16:28:50.700411
10419,井冈山大学,普通本科,1,综合,广东省,汕尾,"[""井冈山大学""]",10419,2026-05-16 16:28:50.700411
10421,江西财经大学,普通本科,1,综合,广东省,汕尾,"[""江西财经大学""]",10421,2026-05-16 16:28:50.700411
10422,山东大学,普通本科,1,综合,广东省,清远,"[""山东大学""]",10422,2026-05-16 16:28:50.700411
10423,中国海洋大学,普通本科,1,综合,广东省,广州,"[""中国海洋大学""]",10423,2026-05-16 16:28:50.700411
10424,"省
山东科技大学",普通本科,1,综合,广东省,广州,"[""省
山东科技大学""]",10424,2026-05-16 16:28:50.700411
10425,中国石油大学(华东),普通本科,1,综合,广东省,清远,"[""中国石油大学(华东)""]",10425,2026-05-16 16:28:50.700411
10426,青岛科技大学,普通本科,1,综合,广东省,广州,"[""青岛科技大学""]",10426,2026-05-16 16:28:50.700411
10427,济南大学,普通本科,1,综合,广东省,广州,"[""济南大学""]",10427,2026-05-16 16:28:50.700411
10429,青岛理工大学,普通本科,1,综合,广东省,佛山,"[""青岛理工大学""]",10429,2026-05-16 16:28:50.700411
10430,山东建筑大学,普通本科,1,综合,广东省,河源,"[""山东建筑大学""]",10430,2026-05-16 16:28:50.700411
10431,齐鲁工业大学,普通本科,1,综合,广东省,珠海,"[""齐鲁工业大学""]",10431,2026-05-16 16:28:50.700411
10433,山东理工大学,普通本科,1,综合,广东省,佛山,"[""山东理工大学""]",10433,2026-05-16 16:28:50.700411
10434,山东农业大学,普通本科,1,综合,广东省,深圳,"[""山东农业大学""]",10434,2026-05-16 16:28:50.700411
10435,青岛农业大学,普通本科,1,综合,广东省,东莞,"[""青岛农业大学""]",10435,2026-05-16 16:28:50.700411
10438,山东第二医科大学,普通本科,1,综合,广东省,云浮,"[""山东第二医科大学""]",10438,2026-05-16 16:28:50.700411
10439,山东第一医科大学,普通本科,1,综合,广东省,深圳,"[""山东第一医科大学""]",10439,2026-05-16 16:28:50.700411
10440,滨州医学院,普通本科,1,综合,广东省,广州,"[""滨州医学院""]",10440,2026-05-16 16:28:50.700411
10441,"试
山东中医药大学",普通本科,1,综合,广东省,韶关,"[""试
山东中医药大学""]",10441,2026-05-16 16:28:50.700411
10443,济宁医学院,普通本科,1,综合,广东省,中山,"[""济宁医学院""]",10443,2026-05-16 16:28:50.700411
10445,山东师范大学,普通本科,1,综合,广东省,珠海,"[""山东师范大学""]",10445,2026-05-16 16:28:50.700411
10447,聊城大学,普通本科,1,综合,广东省,珠海,"[""聊城大学""]",10447,2026-05-16 16:28:50.700411
10449,山东航空学院,普通本科,1,综合,广东省,广州,"[""山东航空学院""]",10449,2026-05-16 16:28:50.700411
10452,临沂大学,普通本科,1,综合,广东省,广州,"[""临沂大学""]",10452,2026-05-16 16:28:50.700411
10455,菏泽学院,普通本科,1,综合,广东省,茂名,"[""菏泽学院""]",10455,2026-05-16 16:28:50.700411
10456,山东财经大学,普通本科,1,综合,广东省,汕头,"[""山东财经大学""]",10456,2026-05-16 16:28:50.700411
10459,"省
郑州大学",普通本科,1,综合,广东省,韶关,"[""省
郑州大学""]",10459,2026-05-16 16:28:50.700411
10460,"东
河南理工大学",普通本科,1,综合,广东省,潮州,"[""东
河南理工大学""]",10460,2026-05-16 16:28:50.700411
10462,郑州轻工业大学,普通本科,1,综合,广东省,广州,"[""郑州轻工业大学""]",10462,2026-05-16 16:28:50.700411
10463,河南工业大学,普通本科,1,综合,广东省,广州,"[""河南工业大学""]",10463,2026-05-16 16:28:50.700411
10464,河南科技大学,普通本科,1,综合,广东省,茂名,"[""河南科技大学""]",10464,2026-05-16 16:28:50.700411
10465,中原工学院,普通本科,1,综合,广东省,珠海,"[""中原工学院""]",10465,2026-05-16 16:28:50.700411
10466,河南农业大学,普通本科,1,综合,广东省,珠海,"[""河南农业大学""]",10466,2026-05-16 16:28:50.700411
10467,河南科技学院,普通本科,1,综合,广东省,茂名,"[""河南科技学院""]",10467,2026-05-16 16:28:50.700411
10471,河南中医药大学,普通本科,1,综合,广东省,梅州,"[""河南中医药大学""]",10471,2026-05-16 16:28:50.700411
10472,新乡医学院,普通本科,1,综合,广东省,广州,"[""新乡医学院""]",10472,2026-05-16 16:28:50.700411
10475,河南大学,普通本科,1,综合,广东省,广州,"[""河南大学""]",10475,2026-05-16 16:28:50.700411
10476,河南师范大学,普通本科,1,综合,广东省,深圳,"[""河南师范大学""]",10476,2026-05-16 16:28:50.700411
10477,信阳师范大学(中外合作办学),普通本科,1,综合,广东省,佛山,"[""信阳师范大学(中外合作办学)""]",10477,2026-05-16 16:28:50.700411
10478,"教
周口师范学院",普通本科,1,综合,广东省,深圳,"[""教
周口师范学院""]",10478,2026-05-16 16:28:50.700411
10481,"省
南阳师范学院",普通本科,1,综合,广东省,广州,"[""省
南阳师范学院""]",10481,2026-05-16 16:28:50.700411
10482,洛阳师范学院,普通本科,1,综合,广东省,佛山,"[""洛阳师范学院""]",10482,2026-05-16 16:28:50.700411
10483,"教
商丘师范学院",普通本科,1,综合,广东省,广州,"[""教
商丘师范学院""]",10483,2026-05-16 16:28:50.700411
10484,河南财经政法大学,普通本科,1,综合,广东省,东莞,"[""河南财经政法大学""]",10484,2026-05-16 16:28:50.700411
10485,"东
郑州航空工业管理学院",普通本科,1,综合,广东省,深圳,"[""东
郑州航空工业管理学院""]",10485,2026-05-16 16:28:50.700411
10486,武汉大学,普通本科,1,综合,广东省,深圳,"[""武汉大学""]",10486,2026-05-16 16:28:50.700411
10487,华中科技大学,普通本科,1,综合,广东省,汕头,"[""华中科技大学""]",10487,2026-05-16 16:28:50.700411
10488,武汉科技大学,普通本科,1,综合,广东省,广州,"[""武汉科技大学""]",10488,2026-05-16 16:28:50.700411
10489,长江大学,普通本科,1,综合,广东省,深圳,"[""长江大学""]",10489,2026-05-16 16:28:50.700411
10490,武汉工程大学,普通本科,1,综合,广东省,广州,"[""武汉工程大学""]",10490,2026-05-16 16:28:50.700411
10491,中国地质大学(武汉),普通本科,1,综合,广东省,江门,"[""中国地质大学(武汉)""]",10491,2026-05-16 16:28:50.700411
10495,武汉纺织大学,普通本科,1,综合,广东省,广州,"[""武汉纺织大学""]",10495,2026-05-16 16:28:50.700411
10496,武汉轻工大学,普通本科,1,综合,广东省,东莞,"[""武汉轻工大学""]",10496,2026-05-16 16:28:50.700411
10497,"试
武汉理工大学(中外合作办学)",普通本科,1,综合,广东省,深圳,"[""试
武汉理工大学(中外合作办学)""]",10497,2026-05-16 16:28:50.700411
10500,湖北工业大学,普通本科,1,综合,广东省,深圳,"[""湖北工业大学""]",10500,2026-05-16 16:28:50.700411
10504,"省
华中农业大学",普通本科,1,综合,广东省,佛山,"[""省
华中农业大学""]",10504,2026-05-16 16:28:50.700411
10507,湖北中医药大学,普通本科,1,综合,广东省,佛山,"[""湖北中医药大学""]",10507,2026-05-16 16:28:50.700411
10511,华中师范大学,普通本科,1,综合,广东省,东莞,"[""华中师范大学""]",10511,2026-05-16 16:28:50.700411
10512,"教
湖北大学",普通本科,1,综合,广东省,惠州,"[""教
湖北大学""]",10512,2026-05-16 16:28:50.700411
10513,湖北师范大学,普通本科,1,综合,广东省,汕尾,"[""湖北师范大学""]",10513,2026-05-16 16:28:50.700411
10519,"东
湖北文理学院",普通本科,1,综合,广东省,广州,"[""东
湖北文理学院""]",10519,2026-05-16 16:28:50.700411
10520,中南财经政法大学,普通本科,1,综合,广东省,广州,"[""中南财经政法大学""]",10520,2026-05-16 16:28:50.700411
10522,武汉体育学院,普通本科,1,综合,广东省,茂名,"[""武汉体育学院""]",10522,2026-05-16 16:28:50.700411
10524,中南民族大学,普通本科,1,综合,广东省,广州,"[""中南民族大学""]",10524,2026-05-16 16:28:50.700411
10525,湖北汽车工业学院(中外合作办学),普通本科,1,综合,广东省,广州,"[""湖北汽车工业学院(中外合作办学)""]",10525,2026-05-16 16:28:50.700411
10528,湖北工程学院,普通本科,1,综合,广东省,深圳,"[""湖北工程学院""]",10528,2026-05-16 16:28:50.700411
10530,湘潭大学,普通本科,1,综合,广东省,深圳,"[""湘潭大学""]",10530,2026-05-16 16:28:50.700411
10531,吉首大学,普通本科,1,综合,广东省,汕尾,"[""吉首大学""]",10531,2026-05-16 16:28:50.700411
10532,湖南大学,普通本科,1,综合,广东省,肇庆,"[""湖南大学""]",10532,2026-05-16 16:28:50.700411
10533,中南大学,普通本科,1,综合,广东省,珠海,"[""中南大学""]",10533,2026-05-16 16:28:50.700411
10534,"考
湖南科技大学",普通本科,1,综合,广东省,广州,"[""考
湖南科技大学""]",10534,2026-05-16 16:28:50.700411
10536,"教
长沙理工大学",普通本科,1,综合,广东省,广州,"[""教
长沙理工大学""]",10536,2026-05-16 16:28:50.700411
10537,湖南农业大学,普通本科,1,综合,广东省,广州,"[""湖南农业大学""]",10537,2026-05-16 16:28:50.700411
10538,中南林业科技大学,普通本科,1,综合,广东省,广州,"[""中南林业科技大学""]",10538,2026-05-16 16:28:50.700411
10541,湖南中医药大学,普通本科,1,综合,广东省,佛山,"[""湖南中医药大学""]",10541,2026-05-16 16:28:50.700411
10542,湖南师范大学,普通本科,1,综合,广东省,惠州,"[""湖南师范大学""]",10542,2026-05-16 16:28:50.700411
10543,湖南理工学院,普通本科,1,综合,广东省,珠海,"[""湖南理工学院""]",10543,2026-05-16 16:28:50.700411
10545,湘南学院,普通本科,1,综合,广东省,广州,"[""湘南学院""]",10545,2026-05-16 16:28:50.700411
10546,衡阳师范学院,普通本科,1,综合,广东省,阳江,"[""衡阳师范学院""]",10546,2026-05-16 16:28:50.700411
10547,邵阳学院,普通本科,1,综合,广东省,中山,"[""邵阳学院""]",10547,2026-05-16 16:28:50.700411
10548,"教
怀化学院",普通本科,1,综合,广东省,佛山,"[""教
怀化学院""]",10548,2026-05-16 16:28:50.700411
10549,湖南文理学院,普通本科,1,综合,广东省,东莞,"[""湖南文理学院""]",10549,2026-05-16 16:28:50.700411
10551,"省
湖南科技学院",普通本科,1,综合,广东省,广州,"[""省
湖南科技学院""]",10551,2026-05-16 16:28:50.700411
10553,湖南人文科技学院,普通本科,1,综合,广东省,广州,"[""湖南人文科技学院""]",10553,2026-05-16 16:28:50.700411
10554,湖南工商大学,普通本科,1,综合,广东省,广州,"[""湖南工商大学""]",10554,2026-05-16 16:28:50.700411
10555,"教
南华大学",普通本科,1,综合,广东省,江门,"[""教
南华大学""]",10555,2026-05-16 16:28:50.700411
10558,"省
中山大学",普通本科,1,综合,广东省,深圳,"[""省
中山大学""]",10558,2026-05-16 16:28:50.700411
10559,暨南大学,普通本科,1,综合,广东省,深圳,"[""暨南大学""]",10559,2026-05-16 16:28:50.700411
10560,汕头大学,普通本科,1,综合,广东省,深圳,"[""汕头大学""]",10560,2026-05-16 16:28:50.700411
10561,华南理工大学,普通本科,1,综合,广东省,深圳,"[""华南理工大学""]",10561,2026-05-16 16:28:50.700411
10564,华南农业大学,普通本科,1,综合,广东省,清远,"[""华南农业大学""]",10564,2026-05-16 16:28:50.700411
10566,广东海洋大学,普通本科,1,综合,广东省,珠海,"[""广东海洋大学""]",10566,2026-05-16 16:28:50.700411
10570,广州医科大学,普通本科,1,综合,广东省,广州,"[""广州医科大学""]",10570,2026-05-16 16:28:50.700411
10571,广东医科大学,普通本科,1,综合,广东省,深圳,"[""广东医科大学""]",10571,2026-05-16 16:28:50.700411
10572,广州中医药大学,普通本科,1,综合,广东省,广州,"[""广州中医药大学""]",10572,2026-05-16 16:28:50.700411
10573,"教
广东药科大学",普通本科,1,综合,广东省,广州,"[""教
广东药科大学""]",10573,2026-05-16 16:28:50.700411
10574,华南师范大学,普通本科,1,综合,广东省,广州,"[""华南师范大学""]",10574,2026-05-16 16:28:50.700411
10576,韶关学院,普通本科,1,综合,广东省,广州,"[""韶关学院""]",10576,2026-05-16 16:28:50.700411
10577,"教
惠州学院",普通本科,1,综合,广东省,广州,"[""教
惠州学院""]",10577,2026-05-16 16:28:50.700411
10578,韩山师范学院,普通本科,1,综合,广东省,东莞,"[""韩山师范学院""]",10578,2026-05-16 16:28:50.700411
10579,岭南师范学院,普通本科,1,综合,广东省,东莞,"[""岭南师范学院""]",10579,2026-05-16 16:28:50.700411
10580,"广
肇庆学院",普通本科,1,综合,广东省,深圳,"[""广
肇庆学院""]",10580,2026-05-16 16:28:50.700411
10582,嘉应学院,普通本科,1,综合,广东省,广州,"[""嘉应学院""]",10582,2026-05-16 16:28:50.700411
10585,广州体育学院,普通本科,1,综合,广东省,东莞,"[""广州体育学院""]",10585,2026-05-16 16:28:50.700411
10586,"考
广州美术学院",普通本科,1,综合,广东省,广州,"[""考
广州美术学院""]",10586,2026-05-16 16:28:50.700411
10587,星海音乐学院,普通本科,1,综合,广东省,清远,"[""星海音乐学院""]",10587,2026-05-16 16:28:50.700411
10588,"育
广东技术师范大学",普通本科,1,综合,广东省,珠海,"[""育
广东技术师范大学""]",10588,2026-05-16 16:28:50.700411
10589,海南大学,普通本科,1,综合,广东省,广州,"[""海南大学""]",10589,2026-05-16 16:28:50.700411
10590,深圳大学,普通本科,1,综合,广东省,深圳,"[""深圳大学""]",10590,2026-05-16 16:28:50.700411
10592,广东财经大学,普通本科,1,综合,广东省,珠海,"[""广东财经大学""]",10592,2026-05-16 16:28:50.700411
10593,广西大学,普通本科,1,综合,广东省,深圳,"[""广西大学""]",10593,2026-05-16 16:28:50.700411
10594,广西科技大学,普通本科,1,综合,广东省,东莞,"[""广西科技大学""]",10594,2026-05-16 16:28:50.700411
10595,桂林电子科技大学,普通本科,1,综合,广东省,河源,"[""桂林电子科技大学""]",10595,2026-05-16 16:28:50.700411
10596,桂林理工大学,普通本科,1,综合,广东省,佛山,"[""桂林理工大学""]",10596,2026-05-16 16:28:50.700411
10598,广西医科大学,普通本科,1,综合,广东省,广州,"[""广西医科大学""]",10598,2026-05-16 16:28:50.700411
10599,右江民族医学院,普通本科,1,综合,广东省,珠海,"[""右江民族医学院""]",10599,2026-05-16 16:28:50.700411
10600,"育
广西中医药大学",普通本科,1,综合,广东省,广州,"[""育
广西中医药大学""]",10600,2026-05-16 16:28:50.700411
10601,桂林医学院,普通本科,1,综合,广东省,佛山,"[""桂林医学院""]",10601,2026-05-16 16:28:50.700411
10602,广西师范大学,普通本科,1,综合,广东省,河源,"[""广西师范大学""]",10602,2026-05-16 16:28:50.700411
10603,南宁师范大学,普通本科,1,综合,广东省,广州,"[""南宁师范大学""]",10603,2026-05-16 16:28:50.700411
10605,河池学院,普通本科,1,综合,广东省,阳江,"[""河池学院""]",10605,2026-05-16 16:28:50.700411
10606,玉林师范学院,普通本科,1,综合,广东省,潮州,"[""玉林师范学院""]",10606,2026-05-16 16:28:50.700411
10607,广西艺术学院,普通本科,1,综合,广东省,广州,"[""广西艺术学院""]",10607,2026-05-16 16:28:50.700411
10608,广西民族大学,普通本科,1,综合,广东省,深圳,"[""广西民族大学""]",10608,2026-05-16 16:28:50.700411
10610,四川大学,普通本科,1,综合,广东省,深圳,"[""四川大学""]",10610,2026-05-16 16:28:50.700411
10611,重庆大学,普通本科,1,综合,广东省,深圳,"[""重庆大学""]",10611,2026-05-16 16:28:50.700411
10613,西南交通大学,普通本科,1,综合,广东省,深圳,"[""西南交通大学""]",10613,2026-05-16 16:28:50.700411
10614,电子科技大学,普通本科,1,综合,广东省,珠海,"[""电子科技大学""]",10614,2026-05-16 16:28:50.700411
10615,西南石油大学,普通本科,1,综合,广东省,深圳,"[""西南石油大学""]",10615,2026-05-16 16:28:50.700411
10616,成都理工大学,普通本科,1,综合,广东省,广州,"[""成都理工大学""]",10616,2026-05-16 16:28:50.700411
10617,重庆邮电大学,普通本科,1,综合,广东省,肇庆,"[""重庆邮电大学""]",10617,2026-05-16 16:28:50.700411
10618,重庆交通大学,普通本科,1,综合,广东省,深圳,"[""重庆交通大学""]",10618,2026-05-16 16:28:50.700411
10619,"省
西南科技大学",普通本科,1,综合,广东省,汕头,"[""省
西南科技大学""]",10619,2026-05-16 16:28:50.700411
10621,"东
成都信息工程大学",普通本科,1,综合,广东省,广州,"[""东
成都信息工程大学""]",10621,2026-05-16 16:28:50.700411
10622,"广
四川轻化工大学",普通本科,1,综合,广东省,深圳,"[""广
四川轻化工大学""]",10622,2026-05-16 16:28:50.700411
10623,西华大学,普通本科,1,综合,广东省,珠海,"[""西华大学""]",10623,2026-05-16 16:28:50.700411
10624,中国民用航空飞行学院,普通本科,1,综合,广东省,东莞,"[""中国民用航空飞行学院""]",10624,2026-05-16 16:28:50.700411
10626,四川农业大学,普通本科,1,综合,广东省,韶关,"[""四川农业大学""]",10626,2026-05-16 16:28:50.700411
10628,西昌学院,普通本科,1,综合,广东省,中山,"[""西昌学院""]",10628,2026-05-16 16:28:50.700411
10631,重庆医科大学(中外合作办学),普通本科,1,综合,广东省,茂名,"[""重庆医科大学(中外合作办学)""]",10631,2026-05-16 16:28:50.700411
10632,西南医科大学,普通本科,1,综合,广东省,广州,"[""西南医科大学""]",10632,2026-05-16 16:28:50.700411
10633,成都中医药大学,普通本科,1,综合,广东省,广州,"[""成都中医药大学""]",10633,2026-05-16 16:28:50.700411
10634,"试
川北医学院",普通本科,1,综合,广东省,中山,"[""试
川北医学院""]",10634,2026-05-16 16:28:50.700411
10635,"考
西南大学",普通本科,1,综合,广东省,茂名,"[""考
西南大学""]",10635,2026-05-16 16:28:50.700411
10636,四川师范大学,普通本科,1,综合,广东省,云浮,"[""四川师范大学""]",10636,2026-05-16 16:28:50.700411
10637,重庆师范大学,普通本科,1,综合,广东省,广州,"[""重庆师范大学""]",10637,2026-05-16 16:28:50.700411
10638,西华师范大学,普通本科,1,综合,广东省,广州,"[""西华师范大学""]",10638,2026-05-16 16:28:50.700411
10640,内江师范学院,普通本科,1,综合,广东省,湛江,"[""内江师范学院""]",10640,2026-05-16 16:28:50.700411
10642,重庆文理学院,普通本科,1,综合,广东省,广州,"[""重庆文理学院""]",10642,2026-05-16 16:28:50.700411
10643,重庆三峡学院,普通本科,1,综合,广东省,河源,"[""重庆三峡学院""]",10643,2026-05-16 16:28:50.700411
10644,四川文理学院,普通本科,1,综合,广东省,清远,"[""四川文理学院""]",10644,2026-05-16 16:28:50.700411
10647,长江师范学院(中外合作办学),普通本科,1,综合,广东省,广州,"[""长江师范学院(中外合作办学)""]",10647,2026-05-16 16:28:50.700411
10649,乐山师范学院,普通本科,1,综合,广东省,中山,"[""乐山师范学院""]",10649,2026-05-16 16:28:50.700411
10650,四川外国语大学,普通本科,1,综合,广东省,江门,"[""四川外国语大学""]",10650,2026-05-16 16:28:50.700411
10651,西南财经大学,普通本科,1,综合,广东省,深圳,"[""西南财经大学""]",10651,2026-05-16 16:28:50.700411
10652,西南政法大学,普通本科,1,综合,广东省,梅州,"[""西南政法大学""]",10652,2026-05-16 16:28:50.700411
10654,"试
四川音乐学院",普通本科,1,综合,广东省,广州,"[""试
四川音乐学院""]",10654,2026-05-16 16:28:50.700411
10655,四川美术学院,普通本科,1,综合,广东省,汕头,"[""四川美术学院""]",10655,2026-05-16 16:28:50.700411
10656,西南民族大学,普通本科,1,综合,广东省,广州,"[""西南民族大学""]",10656,2026-05-16 16:28:50.700411
10657,"教
贵州大学",普通本科,1,综合,广东省,梅州,"[""教
贵州大学""]",10657,2026-05-16 16:28:50.700411
10660,贵州医科大学,普通本科,1,综合,广东省,广州,"[""贵州医科大学""]",10660,2026-05-16 16:28:50.700411
10661,遵义医科大学,普通本科,1,综合,广东省,深圳,"[""遵义医科大学""]",10661,2026-05-16 16:28:50.700411
10662,贵州中医药大学,普通本科,1,综合,广东省,潮州,"[""贵州中医药大学""]",10662,2026-05-16 16:28:50.700411
10663,贵州师范大学,普通本科,1,综合,广东省,深圳,"[""贵州师范大学""]",10663,2026-05-16 16:28:50.700411
10667,安顺学院,普通本科,1,综合,广东省,广州,"[""安顺学院""]",10667,2026-05-16 16:28:50.700411
10668,贵州工程应用技术学院,普通本科,1,综合,广东省,阳江,"[""贵州工程应用技术学院""]",10668,2026-05-16 16:28:50.700411
10669,凯里学院,普通本科,1,综合,广东省,阳江,"[""凯里学院""]",10669,2026-05-16 16:28:50.700411
10671,贵州财经大学,普通本科,1,综合,广东省,佛山,"[""贵州财经大学""]",10671,2026-05-16 16:28:50.700411
10673,云南大学,普通本科,1,综合,广东省,东莞,"[""云南大学""]",10673,2026-05-16 16:28:50.700411
10674,昆明理工大学,普通本科,1,综合,广东省,广州,"[""昆明理工大学""]",10674,2026-05-16 16:28:50.700411
10676,云南农业大学,普通本科,1,综合,广东省,广州,"[""云南农业大学""]",10676,2026-05-16 16:28:50.700411
10677,"考
西南林业大学",普通本科,1,综合,广东省,广州,"[""考
西南林业大学""]",10677,2026-05-16 16:28:50.700411
10678,昆明医科大学,普通本科,1,综合,广东省,珠海,"[""昆明医科大学""]",10678,2026-05-16 16:28:50.700411
10679,大理大学,普通本科,1,综合,广东省,中山,"[""大理大学""]",10679,2026-05-16 16:28:50.700411
10680,云南中医药大学,普通本科,1,综合,广东省,茂名,"[""云南中医药大学""]",10680,2026-05-16 16:28:50.700411
10681,云南师范大学,普通本科,1,综合,广东省,湛江,"[""云南师范大学""]",10681,2026-05-16 16:28:50.700411
10687,红河学院,普通本科,1,综合,广东省,深圳,"[""红河学院""]",10687,2026-05-16 16:28:50.700411
10689,云南财经大学,普通本科,1,综合,广东省,广州,"[""云南财经大学""]",10689,2026-05-16 16:28:50.700411
10691,"东
云南民族大学",普通本科,1,综合,广东省,深圳,"[""东
云南民族大学""]",10691,2026-05-16 16:28:50.700411
10694,西藏大学,普通本科,1,综合,广东省,佛山,"[""西藏大学""]",10694,2026-05-16 16:28:50.700411
10697,西北大学,普通本科,1,综合,广东省,广州,"[""西北大学""]",10697,2026-05-16 16:28:50.700411
10698,西安交通大学,普通本科,1,综合,广东省,梅州,"[""西安交通大学""]",10698,2026-05-16 16:28:50.700411
10699,西北工业大学,普通本科,1,综合,广东省,广州,"[""西北工业大学""]",10699,2026-05-16 16:28:50.700411
10700,西安理工大学(中外合作办学),普通本科,1,综合,广东省,深圳,"[""西安理工大学(中外合作办学)""]",10700,2026-05-16 16:28:50.700411
10701,西安电子科技大学,普通本科,1,综合,广东省,广州,"[""西安电子科技大学""]",10701,2026-05-16 16:28:50.700411
10702,西安工业大学,普通本科,1,综合,广东省,江门,"[""西安工业大学""]",10702,2026-05-16 16:28:50.700411
10703,西安建筑科技大学,普通本科,1,综合,广东省,东莞,"[""西安建筑科技大学""]",10703,2026-05-16 16:28:50.700411
10704,西安科技大学,普通本科,1,综合,广东省,深圳,"[""西安科技大学""]",10704,2026-05-16 16:28:50.700411
10705,西安石油大学,普通本科,1,综合,广东省,深圳,"[""西安石油大学""]",10705,2026-05-16 16:28:50.700411
10708,"育
陕西科技大学",普通本科,1,综合,广东省,珠海,"[""育
陕西科技大学""]",10708,2026-05-16 16:28:50.700411
10709,西安工程大学,普通本科,1,综合,广东省,深圳,"[""西安工程大学""]",10709,2026-05-16 16:28:50.700411
10710,长安大学,普通本科,1,综合,广东省,汕头,"[""长安大学""]",10710,2026-05-16 16:28:50.700411
10712,西北农林科技大学,普通本科,1,综合,广东省,珠海,"[""西北农林科技大学""]",10712,2026-05-16 16:28:50.700411
10716,陕西中医药大学,普通本科,1,综合,广东省,深圳,"[""陕西中医药大学""]",10716,2026-05-16 16:28:50.700411
10718,"省
陕西师范大学",普通本科,1,综合,广东省,深圳,"[""省
陕西师范大学""]",10718,2026-05-16 16:28:50.700411
10719,延安大学,普通本科,1,综合,广东省,云浮,"[""延安大学""]",10719,2026-05-16 16:28:50.700411
10720,陕西理工大学,普通本科,1,综合,广东省,广州,"[""陕西理工大学""]",10720,2026-05-16 16:28:50.700411
10722,咸阳师范学院,普通本科,1,综合,广东省,广州,"[""咸阳师范学院""]",10722,2026-05-16 16:28:50.700411
10724,西安外国语大学,普通本科,1,综合,广东省,汕头,"[""西安外国语大学""]",10724,2026-05-16 16:28:50.700411
10726,西北政法大学,普通本科,1,综合,广东省,阳江,"[""西北政法大学""]",10726,2026-05-16 16:28:50.700411
10730,兰州大学,普通本科,1,综合,广东省,云浮,"[""兰州大学""]",10730,2026-05-16 16:28:50.700411
10731,兰州理工大学,普通本科,1,综合,广东省,江门,"[""兰州理工大学""]",10731,2026-05-16 16:28:50.700411
10732,兰州交通大学,普通本科,1,综合,广东省,广州,"[""兰州交通大学""]",10732,2026-05-16 16:28:50.700411
10733,甘肃农业大学,普通本科,1,综合,广东省,深圳,"[""甘肃农业大学""]",10733,2026-05-16 16:28:50.700411
10735,甘肃中医药大学,普通本科,1,综合,广东省,湛江,"[""甘肃中医药大学""]",10735,2026-05-16 16:28:50.700411
10736,"省
西北师范大学",普通本科,1,综合,广东省,佛山,"[""省
西北师范大学""]",10736,2026-05-16 16:28:50.700411
10738,陇东学院,普通本科,1,综合,广东省,广州,"[""陇东学院""]",10738,2026-05-16 16:28:50.700411
10739,天水师范学院,普通本科,1,综合,广东省,潮州,"[""天水师范学院""]",10739,2026-05-16 16:28:50.700411
10741,兰州财经大学,普通本科,1,综合,广东省,深圳,"[""兰州财经大学""]",10741,2026-05-16 16:28:50.700411
10742,西北民族大学,普通本科,1,综合,广东省,广州,"[""西北民族大学""]",10742,2026-05-16 16:28:50.700411
10743,青海大学,普通本科,1,综合,广东省,深圳,"[""青海大学""]",10743,2026-05-16 16:28:50.700411
10746,青海师范大学,普通本科,1,综合,广东省,广州,"[""青海师范大学""]",10746,2026-05-16 16:28:50.700411
10748,青海民族大学,普通本科,1,综合,广东省,深圳,"[""青海民族大学""]",10748,2026-05-16 16:28:50.700411
10749,宁夏大学,普通本科,1,综合,广东省,深圳,"[""宁夏大学""]",10749,2026-05-16 16:28:50.700411
10752,宁夏医科大学,普通本科,1,综合,广东省,深圳,"[""宁夏医科大学""]",10752,2026-05-16 16:28:50.700411
10755,新疆大学,普通本科,1,综合,广东省,珠海,"[""新疆大学""]",10755,2026-05-16 16:28:50.700411
10757,塔里木大学,普通本科,1,综合,广东省,中山,"[""塔里木大学""]",10757,2026-05-16 16:28:50.700411
10758,新疆农业大学,普通本科,1,综合,广东省,东莞,"[""新疆农业大学""]",10758,2026-05-16 16:28:50.700411
10759,石河子大学,普通本科,1,综合,广东省,汕尾,"[""石河子大学""]",10759,2026-05-16 16:28:50.700411
10760,"省
新疆医科大学",普通本科,1,综合,广东省,广州,"[""省
新疆医科大学""]",10760,2026-05-16 16:28:50.700411
10762,新疆师范大学,普通本科,1,综合,广东省,广州,"[""新疆师范大学""]",10762,2026-05-16 16:28:50.700411
10763,喀什大学,普通本科,1,综合,广东省,韶关,"[""喀什大学""]",10763,2026-05-16 16:28:50.700411
10764,伊犁师范大学,普通本科,1,综合,广东省,广州,"[""伊犁师范大学""]",10764,2026-05-16 16:28:50.700411
10765,"东
新疆和田学院",普通本科,1,综合,广东省,汕尾,"[""东
新疆和田学院""]",10765,2026-05-16 16:28:50.700411
10766,新疆财经大学,普通本科,1,综合,广东省,深圳,"[""新疆财经大学""]",10766,2026-05-16 16:28:50.700411
10768,新疆艺术学院,普通本科,1,综合,广东省,汕尾,"[""新疆艺术学院""]",10768,2026-05-16 16:28:50.700411
10792,天津城建大学,普通本科,1,综合,广东省,深圳,"[""天津城建大学""]",10792,2026-05-16 16:28:50.700411
10809,山西中医药大学,普通本科,1,综合,广东省,梅州,"[""山西中医药大学""]",10809,2026-05-16 16:28:50.700411
10812,吕梁学院,普通本科,1,综合,广东省,佛山,"[""吕梁学院""]",10812,2026-05-16 16:28:50.700411
10822,广东白云学院,普通本科,1,综合,广东省,云浮,"[""广东白云学院""]",10822,2026-05-16 16:28:50.700411
10823,长沙医学院,普通本科,1,综合,广东省,深圳,"[""长沙医学院""]",10823,2026-05-16 16:28:50.700411
10833,广东轻工职业技术大学,普通本科,1,综合,广东省,佛山,"[""广东轻工职业技术大学""]",10833,2026-05-16 16:28:50.700411
10841,辽宁对外经贸学院,普通本科,1,综合,广东省,汕尾,"[""辽宁对外经贸学院""]",10841,2026-05-16 16:28:50.700411
10846,"教
江西科技学院",普通本科,1,综合,广东省,广州,"[""教
江西科技学院""]",10846,2026-05-16 16:28:50.700411
10850,南京工业职业技术大学,普通本科,1,综合,广东省,东莞,"[""南京工业职业技术大学""]",10850,2026-05-16 16:28:50.700411
10856,"省
上海工程技术大学",普通本科,1,综合,广东省,珠海,"[""省
上海工程技术大学""]",10856,2026-05-16 16:28:50.700411
10876,浙江万里学院,普通本科,1,综合,广东省,广州,"[""浙江万里学院""]",10876,2026-05-16 16:28:50.700411
10878,安徽建筑大学,普通本科,1,综合,广东省,东莞,"[""安徽建筑大学""]",10878,2026-05-16 16:28:50.700411
10895,萍乡学院,普通本科,1,综合,广东省,东莞,"[""萍乡学院""]",10895,2026-05-16 16:28:50.700411
10904,"教
枣庄学院",普通本科,1,综合,广东省,梅州,"[""教
枣庄学院""]",10904,2026-05-16 16:28:50.700411
10908,山东工艺美术学院,普通本科,1,综合,广东省,深圳,"[""山东工艺美术学院""]",10908,2026-05-16 16:28:50.700411
10918,黄淮学院,普通本科,1,综合,广东省,广州,"[""黄淮学院""]",10918,2026-05-16 16:28:50.700411
10919,平顶山学院,普通本科,1,综合,广东省,阳江,"[""平顶山学院""]",10919,2026-05-16 16:28:50.700411
10920,"广
湖北理工学院",普通本科,1,综合,广东省,梅州,"[""广
湖北理工学院""]",10920,2026-05-16 16:28:50.700411
10927,湖北科技学院,普通本科,1,综合,广东省,广州,"[""湖北科技学院""]",10927,2026-05-16 16:28:50.700411
10929,湖北医药学院,普通本科,1,综合,广东省,东莞,"[""湖北医药学院""]",10929,2026-05-16 16:28:50.700411
10964,吉林外国语大学,普通本科,1,综合,广东省,广州,"[""吉林外国语大学""]",10964,2026-05-16 16:28:50.700411
10994,新疆工程学院,普通本科,1,综合,广东省,广州,"[""新疆工程学院""]",10994,2026-05-16 16:28:50.700411
10997,昌吉学院,普通本科,1,综合,广东省,广州,"[""昌吉学院""]",10997,2026-05-16 16:28:50.700411
11035,沈阳大学(中外合作办学),普通本科,1,综合,广东省,广州,"[""沈阳大学(中外合作办学)""]",11035,2026-05-16 16:28:50.700411
11047,上海立信会计金融学院,普通本科,1,综合,广东省,东莞,"[""上海立信会计金融学院""]",11047,2026-05-16 16:28:50.700411
11048,金陵科技学院,普通本科,1,综合,广东省,深圳,"[""金陵科技学院""]",11048,2026-05-16 16:28:50.700411
11049,淮阴工学院,普通本科,1,综合,广东省,汕尾,"[""淮阴工学院""]",11049,2026-05-16 16:28:50.700411
11053,徐州工程学院,普通本科,1,综合,广东省,云浮,"[""徐州工程学院""]",11053,2026-05-16 16:28:50.700411
11055,"试
常州工学院",普通本科,1,综合,广东省,珠海,"[""试
常州工学院""]",11055,2026-05-16 16:28:50.700411
11057,浙江科技大学,普通本科,1,综合,广东省,佛山,"[""浙江科技大学""]",11057,2026-05-16 16:28:50.700411
11058,宁波工程学院,普通本科,1,综合,广东省,广州,"[""宁波工程学院""]",11058,2026-05-16 16:28:50.700411
11059,合肥大学,普通本科,1,综合,广东省,汕头,"[""合肥大学""]",11059,2026-05-16 16:28:50.700411
11062,厦门理工学院(中外合作办学),普通本科,1,综合,广东省,珠海,"[""厦门理工学院(中外合作办学)""]",11062,2026-05-16 16:28:50.700411
11065,青岛大学,普通本科,1,综合,广东省,广州,"[""青岛大学""]",11065,2026-05-16 16:28:50.700411
11066,烟台大学,普通本科,1,综合,广东省,潮州,"[""烟台大学""]",11066,2026-05-16 16:28:50.700411
11067,潍坊学院,普通本科,1,综合,广东省,汕头,"[""潍坊学院""]",11067,2026-05-16 16:28:50.700411
11068,郑州工程技术学院,普通本科,1,综合,广东省,阳江,"[""郑州工程技术学院""]",11068,2026-05-16 16:28:50.700411
11070,洛阳理工学院,普通本科,1,综合,广东省,惠州,"[""洛阳理工学院""]",11070,2026-05-16 16:28:50.700411
11071,新乡学院,普通本科,1,综合,广东省,东莞,"[""新乡学院""]",11071,2026-05-16 16:28:50.700411
11072,江汉大学,普通本科,1,综合,广东省,广州,"[""江汉大学""]",11072,2026-05-16 16:28:50.700411
11075,三峡大学,普通本科,1,综合,广东省,河源,"[""三峡大学""]",11075,2026-05-16 16:28:50.700411
11077,长沙学院,普通本科,1,综合,广东省,清远,"[""长沙学院""]",11077,2026-05-16 16:28:50.700411
11078,广州大学,普通本科,1,综合,广东省,深圳,"[""广州大学""]",11078,2026-05-16 16:28:50.700411
11079,成都大学,普通本科,1,综合,广东省,深圳,"[""成都大学""]",11079,2026-05-16 16:28:50.700411
11080,"考
西安文理学院",普通本科,1,综合,广东省,广州,"[""考
西安文理学院""]",11080,2026-05-16 16:28:50.700411
11100,海南热带海洋学院(中外合作办学),普通本科,1,综合,广东省,汕头,"[""海南热带海洋学院(中外合作办学)""]",11100,2026-05-16 16:28:50.700411
11104,华北科技学院,普通本科,1,综合,广东省,云浮,"[""华北科技学院""]",11104,2026-05-16 16:28:50.700411
11105,中国人民警察大学,普通本科,1,综合,广东省,广州,"[""中国人民警察大学""]",11105,2026-05-16 16:28:50.700411
11106,广州航海学院,普通本科,1,综合,广东省,东莞,"[""广州航海学院""]",11106,2026-05-16 16:28:50.700411
11110,广东警官学院,普通本科,1,综合,广东省,广州,"[""广东警官学院""]",11110,2026-05-16 16:28:50.700411
11113,深圳职业技术大学,普通本科,1,综合,广东省,汕尾,"[""深圳职业技术大学""]",11113,2026-05-16 16:28:50.700411
11116,成都工业学院,普通本科,1,综合,广东省,肇庆,"[""成都工业学院""]",11116,2026-05-16 16:28:50.700411
11117,"广
扬州大学",普通本科,1,综合,广东省,肇庆,"[""广
扬州大学""]",11117,2026-05-16 16:28:50.700411
11122,三江学院,普通本科,1,综合,广东省,广州,"[""三江学院""]",11122,2026-05-16 16:28:50.700411
11230,齐齐哈尔医学院,普通本科,1,综合,广东省,广州,"[""齐齐哈尔医学院""]",11230,2026-05-16 16:28:50.700411
11232,北京信息科技大学,普通本科,1,综合,广东省,广州,"[""北京信息科技大学""]",11232,2026-05-16 16:28:50.700411
11242,太原学院,普通本科,1,综合,广东省,深圳,"[""太原学院""]",11242,2026-05-16 16:28:50.700411
11258,大连大学,普通本科,1,综合,广东省,清远,"[""大连大学""]",11258,2026-05-16 16:28:50.700411
11261,吉林工商学院,普通本科,1,综合,广东省,汕头,"[""吉林工商学院""]",11261,2026-05-16 16:28:50.700411
11276,南京工程学院,普通本科,1,综合,广东省,云浮,"[""南京工程学院""]",11276,2026-05-16 16:28:50.700411
11287,南京审计大学,普通本科,1,综合,广东省,云浮,"[""南京审计大学""]",11287,2026-05-16 16:28:50.700411
11311,三明学院,普通本科,1,综合,广东省,佛山,"[""三明学院""]",11311,2026-05-16 16:28:50.700411
11318,江西科技师范大学,普通本科,1,综合,广东省,江门,"[""江西科技师范大学""]",11318,2026-05-16 16:28:50.700411
11319,"考
南昌工程学院",普通本科,1,综合,广东省,阳江,"[""考
南昌工程学院""]",11319,2026-05-16 16:28:50.700411
11326,"育
信阳农林学院",普通本科,1,综合,广东省,清远,"[""育
信阳农林学院""]",11326,2026-05-16 16:28:50.700411
11330,安阳工学院(中外合作办学),普通本科,1,综合,广东省,广州,"[""安阳工学院(中外合作办学)""]",11330,2026-05-16 16:28:50.700411
11336,"教
荆楚理工学院(中外合作办学)",普通本科,1,综合,广东省,广州,"[""教
荆楚理工学院(中外合作办学)""]",11336,2026-05-16 16:28:50.700411
11342,湖南工程学院,普通本科,1,综合,广东省,深圳,"[""湖南工程学院""]",11342,2026-05-16 16:28:50.700411
11347,仲恺农业工程学院,普通本科,1,综合,广东省,阳江,"[""仲恺农业工程学院""]",11347,2026-05-16 16:28:50.700411
11349,"教
五邑大学",普通本科,1,综合,广东省,东莞,"[""教
五邑大学""]",11349,2026-05-16 16:28:50.700411
11354,"广
梧州学院",普通本科,1,综合,广东省,广州,"[""广
梧州学院""]",11354,2026-05-16 16:28:50.700411
11360,攀枝花学院,普通本科,1,综合,广东省,珠海,"[""攀枝花学院""]",11360,2026-05-16 16:28:50.700411
11390,玉溪师范学院,普通本科,1,综合,广东省,东莞,"[""玉溪师范学院""]",11390,2026-05-16 16:28:50.700411
11393,昆明学院,普通本科,1,综合,广东省,广州,"[""昆明学院""]",11393,2026-05-16 16:28:50.700411
11396,商洛学院,普通本科,1,综合,广东省,深圳,"[""商洛学院""]",11396,2026-05-16 16:28:50.700411
11400,西安培华学院,普通本科,1,综合,广东省,珠海,"[""西安培华学院""]",11400,2026-05-16 16:28:50.700411
11406,甘肃政法大学,普通本科,1,综合,广东省,广州,"[""甘肃政法大学""]",11406,2026-05-16 16:28:50.700411
11407,北方民族大学,普通本科,1,综合,广东省,湛江,"[""北方民族大学""]",11407,2026-05-16 16:28:50.700411
11413,中国矿业大学(北京),普通本科,1,综合,广东省,广州,"[""中国矿业大学(北京)""]",11413,2026-05-16 16:28:50.700411
11414,中国石油大学(北京),普通本科,1,综合,广东省,清远,"[""中国石油大学(北京)""]",11414,2026-05-16 16:28:50.700411
11415,中国地质大学(北京),普通本科,1,综合,广东省,佛山,"[""中国地质大学(北京)""]",11415,2026-05-16 16:28:50.700411
11417,北京联合大学,普通本科,1,综合,广东省,佛山,"[""北京联合大学""]",11417,2026-05-16 16:28:50.700411
11418,"育
北京城市学院",普通本科,1,综合,广东省,韶关,"[""育
北京城市学院""]",11418,2026-05-16 16:28:50.700411
11420,河北金融学院,普通本科,1,综合,广东省,广州,"[""河北金融学院""]",11420,2026-05-16 16:28:50.700411
11436,长春汽车职业技术大学,普通本科,1,综合,广东省,深圳,"[""长春汽车职业技术大学""]",11436,2026-05-16 16:28:50.700411
11437,长春工程学院,普通本科,1,综合,广东省,深圳,"[""长春工程学院""]",11437,2026-05-16 16:28:50.700411
11439,吉林农业科技学院,普通本科,1,综合,广东省,江门,"[""吉林农业科技学院""]",11439,2026-05-16 16:28:50.700411
11446,"教
黑龙江东方学院",普通本科,1,综合,广东省,东莞,"[""教
黑龙江东方学院""]",11446,2026-05-16 16:28:50.700411
11458,上海电机学院,普通本科,1,综合,广东省,珠海,"[""上海电机学院""]",11458,2026-05-16 16:28:50.700411
11463,江苏理工学院,普通本科,1,综合,广东省,广州,"[""江苏理工学院""]",11463,2026-05-16 16:28:50.700411
11482,"东
浙江财经大学",普通本科,1,综合,广东省,深圳,"[""东
浙江财经大学""]",11482,2026-05-16 16:28:50.700411
11504,江西警察学院,普通本科,1,综合,广东省,深圳,"[""江西警察学院""]",11504,2026-05-16 16:28:50.700411
11508,新余学院,普通本科,1,综合,广东省,广州,"[""新余学院""]",11508,2026-05-16 16:28:50.700411
11510,山东交通学院,普通本科,1,综合,广东省,东莞,"[""山东交通学院""]",11510,2026-05-16 16:28:50.700411
11517,河南工程学院,普通本科,1,综合,广东省,广州,"[""河南工程学院""]",11517,2026-05-16 16:28:50.700411
11527,湖南城市学院,普通本科,1,综合,广东省,广州,"[""湖南城市学院""]",11527,2026-05-16 16:28:50.700411
11528,湖南工学院,普通本科,1,综合,广东省,梅州,"[""湖南工学院""]",11528,2026-05-16 16:28:50.700411
11532,湖南财政经济学院,普通本科,1,综合,广东省,广州,"[""湖南财政经济学院""]",11532,2026-05-16 16:28:50.700411
11534,湖南警察学院,普通本科,1,综合,广东省,广州,"[""湖南警察学院""]",11534,2026-05-16 16:28:50.700411
11535,湖南工业大学,普通本科,1,综合,广东省,湛江,"[""湖南工业大学""]",11535,2026-05-16 16:28:50.700411
11538,湖南女子学院,普通本科,1,综合,广东省,广州,"[""湖南女子学院""]",11538,2026-05-16 16:28:50.700411
11540,"试
广东金融学院",普通本科,1,综合,广东省,东莞,"[""试
广东金融学院""]",11540,2026-05-16 16:28:50.700411
11545,"省
电子科技大学中山学院",普通本科,1,综合,广东省,清远,"[""省
电子科技大学中山学院""]",11545,2026-05-16 16:28:50.700411
11546,广西科技师范学院,普通本科,1,综合,广东省,阳江,"[""广西科技师范学院""]",11546,2026-05-16 16:28:50.700411
11548,"教
广西财经学院(中外合作办学)",普通本科,1,综合,广东省,广州,"[""教
广西财经学院(中外合作办学)""]",11548,2026-05-16 16:28:50.700411
11549,"省
南宁学院",普通本科,1,综合,广东省,河源,"[""省
南宁学院""]",11549,2026-05-16 16:28:50.700411
11551,重庆科技大学,普通本科,1,综合,广东省,广州,"[""重庆科技大学""]",11551,2026-05-16 16:28:50.700411
11552,四川旅游学院(中外合作办学),普通本科,1,综合,广东省,广州,"[""四川旅游学院(中外合作办学)""]",11552,2026-05-16 16:28:50.700411
11560,西安财经大学,普通本科,1,综合,广东省,广州,"[""西安财经大学""]",11560,2026-05-16 16:28:50.700411
11600,湖北经济学院,普通本科,1,综合,广东省,汕尾,"[""湖北经济学院""]",11600,2026-05-16 16:28:50.700411
11607,北部湾大学,普通本科,1,综合,广东省,广州,"[""北部湾大学""]",11607,2026-05-16 16:28:50.700411
11629,北华航天工业学院,普通本科,1,综合,广东省,广州,"[""北华航天工业学院""]",11629,2026-05-16 16:28:50.700411
11632,沈阳工程学院,普通本科,1,综合,广东省,东莞,"[""沈阳工程学院""]",11632,2026-05-16 16:28:50.700411
11641,江苏海洋大学,普通本科,1,综合,广东省,广州,"[""江苏海洋大学""]",11641,2026-05-16 16:28:50.700411
11646,宁波大学,普通本科,1,综合,广东省,深圳,"[""宁波大学""]",11646,2026-05-16 16:28:50.700411
11647,浙江传媒学院,普通本科,1,综合,广东省,深圳,"[""浙江传媒学院""]",11647,2026-05-16 16:28:50.700411
11652,河南财政金融学院,普通本科,1,综合,广东省,深圳,"[""河南财政金融学院""]",11652,2026-05-16 16:28:50.700411
11653,南阳理工学院,普通本科,1,综合,广东省,广州,"[""南阳理工学院""]",11653,2026-05-16 16:28:50.700411
11656,"教
广东石油化工学院",普通本科,1,综合,广东省,深圳,"[""教
广东石油化工学院""]",11656,2026-05-16 16:28:50.700411
11658,海南师范大学,普通本科,1,综合,广东省,珠海,"[""海南师范大学""]",11658,2026-05-16 16:28:50.700411
11660,重庆理工大学,普通本科,1,综合,广东省,广州,"[""重庆理工大学""]",11660,2026-05-16 16:28:50.700411
11664,西安邮电大学,普通本科,1,综合,广东省,广州,"[""西安邮电大学""]",11664,2026-05-16 16:28:50.700411
11688,山东工商学院,普通本科,1,综合,广东省,梅州,"[""山东工商学院""]",11688,2026-05-16 16:28:50.700411
11726,长春大学,普通本科,1,综合,广东省,广州,"[""长春大学""]",11726,2026-05-16 16:28:50.700411
11731,贵州商学院,普通本科,1,综合,广东省,珠海,"[""贵州商学院""]",11731,2026-05-16 16:28:50.700411
11736,西安航空学院,普通本科,1,综合,广东省,广州,"[""西安航空学院""]",11736,2026-05-16 16:28:50.700411
11765,河南城建学院,普通本科,1,综合,广东省,广州,"[""河南城建学院""]",11765,2026-05-16 16:28:50.700411
11775,防灾科技学院,普通本科,1,综合,广东省,深圳,"[""防灾科技学院""]",11775,2026-05-16 16:28:50.700411
11798,"考
武汉东湖学院",普通本科,1,综合,广东省,广州,"[""考
武汉东湖学院""]",11798,2026-05-16 16:28:50.700411
11799,重庆工商大学,普通本科,1,综合,广东省,广州,"[""重庆工商大学""]",11799,2026-05-16 16:28:50.700411
11800,汉口学院,普通本科,1,综合,广东省,广州,"[""汉口学院""]",11800,2026-05-16 16:28:50.700411
11802,"省
黑龙江工程学院",普通本科,1,综合,广东省,深圳,"[""省
黑龙江工程学院""]",11802,2026-05-16 16:28:50.700411
11810,海南医科大学(中外合作办学),普通本科,1,综合,广东省,深圳,"[""海南医科大学(中外合作办学)""]",11810,2026-05-16 16:28:50.700411
11819,东莞理工学院,普通本科,1,综合,广东省,广州,"[""东莞理工学院""]",11819,2026-05-16 16:28:50.700411
11825,桂林航天工业学院,普通本科,1,综合,广东省,广州,"[""桂林航天工业学院""]",11825,2026-05-16 16:28:50.700411
11833,上海杉达学院(中外合作办学),普通本科,1,综合,广东省,广州,"[""上海杉达学院(中外合作办学)""]",11833,2026-05-16 16:28:50.700411
11834,黄河科技学院,普通本科,1,综合,广东省,广州,"[""黄河科技学院""]",11834,2026-05-16 16:28:50.700411
11835,上海政法学院,普通本科,1,综合,广东省,珠海,"[""上海政法学院""]",11835,2026-05-16 16:28:50.700411
11837,桂林旅游学院,普通本科,1,综合,广东省,深圳,"[""桂林旅游学院""]",11837,2026-05-16 16:28:50.700411
11838,贺州学院,普通本科,1,综合,广东省,茂名,"[""贺州学院""]",11838,2026-05-16 16:28:50.700411
11843,九江学院,普通本科,1,综合,广东省,东莞,"[""九江学院""]",11843,2026-05-16 16:28:50.700411
11845,广东工业大学,普通本科,1,综合,广东省,深圳,"[""广东工业大学""]",11845,2026-05-16 16:28:50.700411
11846,广东外语外贸大学,普通本科,1,综合,广东省,韶关,"[""广东外语外贸大学""]",11846,2026-05-16 16:28:50.700411
11847,佛山大学(原佛山科学技术学院),普通本科,1,综合,广东省,潮州,"[""佛山大学(原佛山科学技术学院)""]",11847,2026-05-16 16:28:50.700411
12026,大连民族大学,普通本科,1,综合,广东省,深圳,"[""大连民族大学""]",12026,2026-05-16 16:28:50.700411
12044,上海第二工业大学,普通本科,1,综合,广东省,广州,"[""上海第二工业大学""]",12044,2026-05-16 16:28:50.700411
12048,南京特殊教育师范学院,普通本科,1,综合,广东省,茂名,"[""南京特殊教育师范学院""]",12048,2026-05-16 16:28:50.700411
12050,"教
上海商学院",普通本科,1,综合,广东省,中山,"[""教
上海商学院""]",12050,2026-05-16 16:28:50.700411
12056,"省
南通理工学院",普通本科,1,综合,广东省,广州,"[""省
南通理工学院""]",12056,2026-05-16 16:28:50.700411
12059,广东培正学院,普通本科,1,综合,广东省,广州,"[""广东培正学院""]",12059,2026-05-16 16:28:50.700411
12107,贵州警察学院,普通本科,1,综合,广东省,广州,"[""贵州警察学院""]",12107,2026-05-16 16:28:50.700411
12121,"教
南方医科大学",普通本科,1,综合,广东省,广州,"[""教
南方医科大学""]",12121,2026-05-16 16:28:50.700411
12214,湖南医药学院,普通本科,1,综合,广东省,东莞,"[""湖南医药学院""]",12214,2026-05-16 16:28:50.700411
12216,"东
安徽新华学院",普通本科,1,综合,广东省,广州,"[""东
安徽新华学院""]",12216,2026-05-16 16:28:50.700411
12303,湖南涉外经济学院,普通本科,1,综合,广东省,广州,"[""湖南涉外经济学院""]",12303,2026-05-16 16:28:50.700411
12308,海口经济学院,普通本科,1,综合,广东省,中山,"[""海口经济学院""]",12308,2026-05-16 16:28:50.700411
12309,武昌首义学院,普通本科,1,综合,广东省,深圳,"[""武昌首义学院""]",12309,2026-05-16 16:28:50.700411
12310,武昌理工学院,普通本科,1,综合,广东省,广州,"[""武昌理工学院""]",12310,2026-05-16 16:28:50.700411
12332,烟台南山学院,普通本科,1,综合,广东省,珠海,"[""烟台南山学院""]",12332,2026-05-16 16:28:50.700411
12362,武汉生物工程学院,普通本科,1,综合,广东省,梅州,"[""武汉生物工程学院""]",12362,2026-05-16 16:28:50.700411
12453,中国劳动关系学院,普通本科,1,综合,广东省,广州,"[""中国劳动关系学院""]",12453,2026-05-16 16:28:50.700411
12544,宁夏理工学院,普通本科,1,综合,广东省,佛山,"[""宁夏理工学院""]",12544,2026-05-16 16:28:50.700411
12560,云南经济管理学院,普通本科,1,综合,广东省,深圳,"[""云南经济管理学院""]",12560,2026-05-16 16:28:50.700411
12574,广东东软学院,普通本科,1,综合,广东省,广州,"[""广东东软学院""]",12574,2026-05-16 16:28:50.700411
12587,"育
上海立达学院",普通本科,1,综合,广东省,佛山,"[""育
上海立达学院""]",12587,2026-05-16 16:28:50.700411
12604,湖南工业大学科技学院,普通本科,1,综合,广东省,广州,"[""湖南工业大学科技学院""]",12604,2026-05-16 16:28:50.700411
12608,重庆工程学院,普通本科,1,综合,广东省,广州,"[""重庆工程学院""]",12608,2026-05-16 16:28:50.700411
12609,"教
重庆电子科技职业大学",普通本科,1,综合,广东省,广州,"[""教
重庆电子科技职业大学""]",12609,2026-05-16 16:28:50.700411
12617,广州城市理工学院,普通本科,1,综合,广东省,深圳,"[""广州城市理工学院""]",12617,2026-05-16 16:28:50.700411
12618,广州软件学院,普通本科,1,综合,广东省,广州,"[""广州软件学院""]",12618,2026-05-16 16:28:50.700411
12619,"省
广州南方学院",普通本科,1,综合,广东省,广州,"[""省
广州南方学院""]",12619,2026-05-16 16:28:50.700411
12620,广东外语外贸大学南国商学院,普通本科,1,综合,广东省,广州,"[""广东外语外贸大学南国商学院""]",12620,2026-05-16 16:28:50.700411
12621,广州华商学院,普通本科,1,综合,广东省,深圳,"[""广州华商学院""]",12621,2026-05-16 16:28:50.700411
12622,湛江科技学院,普通本科,1,综合,广东省,梅州,"[""湛江科技学院""]",12622,2026-05-16 16:28:50.700411
12623,华南农业大学珠江学院,普通本科,1,综合,广东省,东莞,"[""华南农业大学珠江学院""]",12623,2026-05-16 16:28:50.700411
12631,厦门医学院,普通本科,1,综合,广东省,珠海,"[""厦门医学院""]",12631,2026-05-16 16:28:50.700411
12636,成都东软学院,普通本科,1,综合,广东省,湛江,"[""成都东软学院""]",12636,2026-05-16 16:28:50.700411
12649,湖南科技大学潇湘学院,普通本科,1,综合,广东省,广州,"[""湖南科技大学潇湘学院""]",12649,2026-05-16 16:28:50.700411
12650,南华大学船山学院,普通本科,1,综合,广东省,深圳,"[""南华大学船山学院""]",12650,2026-05-16 16:28:50.700411
12651,湘潭理工学院,普通本科,1,综合,广东省,佛山,"[""湘潭理工学院""]",12651,2026-05-16 16:28:50.700411
12653,湖南农业大学东方科技学院,普通本科,1,综合,广东省,东莞,"[""湖南农业大学东方科技学院""]",12653,2026-05-16 16:28:50.700411
12656,"考
中南林业科技大学涉外学院",普通本科,1,综合,广东省,中山,"[""考
中南林业科技大学涉外学院""]",12656,2026-05-16 16:28:50.700411
12657,湖南文理学院芙蓉学院,普通本科,1,综合,广东省,广州,"[""湖南文理学院芙蓉学院""]",12657,2026-05-16 16:28:50.700411
12658,湖南理工学院南湖学院,普通本科,1,综合,广东省,深圳,"[""湖南理工学院南湖学院""]",12658,2026-05-16 16:28:50.700411
12659,衡阳师范学院南岳学院,普通本科,1,综合,广东省,广州,"[""衡阳师范学院南岳学院""]",12659,2026-05-16 16:28:50.700411
12660,湖南工程学院应用技术学院,普通本科,1,综合,广东省,广州,"[""湖南工程学院应用技术学院""]",12660,2026-05-16 16:28:50.700411
12661,"省
湖南中医药大学湘杏学院",普通本科,1,综合,广东省,珠海,"[""省
湖南中医药大学湘杏学院""]",12661,2026-05-16 16:28:50.700411
12662,张家界学院,普通本科,1,综合,广东省,佛山,"[""张家界学院""]",12662,2026-05-16 16:28:50.700411
12668,广州理工学院,普通本科,1,综合,广东省,广州,"[""广州理工学院""]",12668,2026-05-16 16:28:50.700411
12689,东南大学成贤学院,普通本科,1,综合,广东省,云浮,"[""东南大学成贤学院""]",12689,2026-05-16 16:28:50.700411
12709,厦门华厦学院,普通本科,1,综合,广东省,东莞,"[""厦门华厦学院""]",12709,2026-05-16 16:28:50.700411
12710,"教
闽南理工学院",普通本科,1,综合,广东省,广州,"[""教
闽南理工学院""]",12710,2026-05-16 16:28:50.700411
12712,西安欧亚学院,普通本科,1,综合,广东省,深圳,"[""西安欧亚学院""]",12712,2026-05-16 16:28:50.700411
12713,"省
西安外事学院",普通本科,1,综合,广东省,广州,"[""省
西安外事学院""]",12713,2026-05-16 16:28:50.700411
12714,西安翻译学院,普通本科,1,综合,广东省,广州,"[""西安翻译学院""]",12714,2026-05-16 16:28:50.700411
12715,西京学院,普通本科,1,综合,广东省,广州,"[""西京学院""]",12715,2026-05-16 16:28:50.700411
12747,"广
郑州工业应用技术学院",普通本科,1,综合,广东省,广州,"[""广
郑州工业应用技术学院""]",12747,2026-05-16 16:28:50.700411
12763,四川工程职业技术大学,普通本科,1,综合,广东省,广州,"[""四川工程职业技术大学""]",12763,2026-05-16 16:28:50.700411
12766,江西工程学院,普通本科,1,综合,广东省,广州,"[""江西工程学院""]",12766,2026-05-16 16:28:50.700411
12779,山西应用科技学院,普通本科,1,综合,广东省,梅州,"[""山西应用科技学院""]",12779,2026-05-16 16:28:50.700411
12784,河北传媒学院,普通本科,1,综合,广东省,深圳,"[""河北传媒学院""]",12784,2026-05-16 16:28:50.700411
12792,浙江越秀外国语学院,普通本科,1,综合,广东省,佛山,"[""浙江越秀外国语学院""]",12792,2026-05-16 16:28:50.700411
12795,南昌理工学院,普通本科,1,综合,广东省,广州,"[""南昌理工学院""]",12795,2026-05-16 16:28:50.700411
12799,上海建桥学院,普通本科,1,综合,广东省,云浮,"[""上海建桥学院""]",12799,2026-05-16 16:28:50.700411
12802,吉利学院,普通本科,1,综合,广东省,深圳,"[""吉利学院""]",12802,2026-05-16 16:28:50.700411
12915,上海中侨职业技术大学,普通本科,1,综合,广东省,广州,"[""上海中侨职业技术大学""]",12915,2026-05-16 16:28:50.700411
12928,泉州职业技术大学,普通本科,1,综合,广东省,汕尾,"[""泉州职业技术大学""]",12928,2026-05-16 16:28:50.700411
12938,江西应用科技学院,普通本科,1,综合,广东省,清远,"[""江西应用科技学院""]",12938,2026-05-16 16:28:50.700411
12992,闽南科技学院,普通本科,1,综合,广东省,汕头,"[""闽南科技学院""]",12992,2026-05-16 16:28:50.700411
13006,山东英才学院,普通本科,1,综合,广东省,广州,"[""山东英才学院""]",13006,2026-05-16 16:28:50.700411
13021,浙大城市学院,普通本科,1,综合,广东省,广州,"[""浙大城市学院""]",13021,2026-05-16 16:28:50.700411
13022,浙大宁波理工学院,普通本科,1,综合,广东省,珠海,"[""浙大宁波理工学院""]",13022,2026-05-16 16:28:50.700411
13023,杭州医学院,普通本科,1,综合,广东省,河源,"[""杭州医学院""]",13023,2026-05-16 16:28:50.700411
13065,安徽外国语学院,普通本科,1,综合,广东省,佛山,"[""安徽外国语学院""]",13065,2026-05-16 16:28:50.700411
13115,"育
厦门工学院",普通本科,1,综合,广东省,佛山,"[""育
厦门工学院""]",13115,2026-05-16 16:28:50.700411
13121,西安思源学院,普通本科,1,综合,广东省,广州,"[""西安思源学院""]",13121,2026-05-16 16:28:50.700411
13188,武汉晴川学院,普通本科,1,综合,广东省,江门,"[""武汉晴川学院""]",13188,2026-05-16 16:28:50.700411
13198,大连理工大学城市学院,普通本科,1,综合,广东省,广州,"[""大连理工大学城市学院""]",13198,2026-05-16 16:28:50.700411
13201,沈阳工学院,普通本科,1,综合,广东省,广州,"[""沈阳工学院""]",13201,2026-05-16 16:28:50.700411
13208,沈阳城市建设学院,普通本科,1,综合,广东省,广州,"[""沈阳城市建设学院""]",13208,2026-05-16 16:28:50.700411
13212,大连医科大学中山学院,普通本科,1,综合,广东省,广州,"[""大连医科大学中山学院""]",13212,2026-05-16 16:28:50.700411
13213,锦州医科大学医疗学院,普通本科,1,综合,广东省,广州,"[""锦州医科大学医疗学院""]",13213,2026-05-16 16:28:50.700411
13215,"教
辽宁师范大学海华学院",普通本科,1,综合,广东省,深圳,"[""教
辽宁师范大学海华学院""]",13215,2026-05-16 16:28:50.700411
13218,大连财经学院,普通本科,1,综合,广东省,东莞,"[""大连财经学院""]",13218,2026-05-16 16:28:50.700411
13220,"省
沈阳城市学院",普通本科,1,综合,广东省,广州,"[""省
沈阳城市学院""]",13220,2026-05-16 16:28:50.700411
13234,湖北大学知行学院,普通本科,1,综合,广东省,东莞,"[""湖北大学知行学院""]",13234,2026-05-16 16:28:50.700411
13235,武汉城市学院,普通本科,1,综合,广东省,广州,"[""武汉城市学院""]",13235,2026-05-16 16:28:50.700411
13236,三峡大学科技学院,普通本科,1,综合,广东省,广州,"[""三峡大学科技学院""]",13236,2026-05-16 16:28:50.700411
13238,湖北工业大学工程技术学院,普通本科,1,综合,广东省,佛山,"[""湖北工业大学工程技术学院""]",13238,2026-05-16 16:28:50.700411
13239,武汉工程大学邮电与信息工程学院,普通本科,1,综合,广东省,深圳,"[""武汉工程大学邮电与信息工程学院""]",13239,2026-05-16 16:28:50.700411
13240,武汉纺织大学外经贸学院,普通本科,1,综合,广东省,广州,"[""武汉纺织大学外经贸学院""]",13240,2026-05-16 16:28:50.700411
13242,武汉工商学院,普通本科,1,综合,广东省,深圳,"[""武汉工商学院""]",13242,2026-05-16 16:28:50.700411
13247,湖北商贸学院,普通本科,1,综合,广东省,深圳,"[""湖北商贸学院""]",13247,2026-05-16 16:28:50.700411
13249,湖北医药学院药护学院,普通本科,1,综合,广东省,云浮,"[""湖北医药学院药护学院""]",13249,2026-05-16 16:28:50.700411
13250,湖北恩施学院,普通本科,1,综合,广东省,广州,"[""湖北恩施学院""]",13250,2026-05-16 16:28:50.700411
13251,湖北经济学院法商学院,普通本科,1,综合,广东省,汕头,"[""湖北经济学院法商学院""]",13251,2026-05-16 16:28:50.700411
13253,武汉体育学院体育科技学院,普通本科,1,综合,广东省,广州,"[""武汉体育学院体育科技学院""]",13253,2026-05-16 16:28:50.700411
13256,湖北师范大学文理学院,普通本科,1,综合,广东省,珠海,"[""湖北师范大学文理学院""]",13256,2026-05-16 16:28:50.700411
13257,湖北文理学院理工学院,普通本科,1,综合,广东省,江门,"[""湖北文理学院理工学院""]",13257,2026-05-16 16:28:50.700411
13262,文华学院,普通本科,1,综合,广东省,东莞,"[""文华学院""]",13262,2026-05-16 16:28:50.700411
13279,"试
杭州电子科技大学信息工程学院",普通本科,1,综合,广东省,广州,"[""试
杭州电子科技大学信息工程学院""]",13279,2026-05-16 16:28:50.700411
13290,浙江工商大学杭州商学院,普通本科,1,综合,广东省,广州,"[""浙江工商大学杭州商学院""]",13290,2026-05-16 16:28:50.700411
13291,嘉兴南湖学院,普通本科,1,综合,广东省,广州,"[""嘉兴南湖学院""]",13291,2026-05-16 16:28:50.700411
13292,"育
中国计量大学现代科技学院",普通本科,1,综合,广东省,河源,"[""育
中国计量大学现代科技学院""]",13292,2026-05-16 16:28:50.700411
13296,黑龙江外国语学院,普通本科,1,综合,广东省,肇庆,"[""黑龙江外国语学院""]",13296,2026-05-16 16:28:50.700411
13300,"教
黑龙江工商学院",普通本科,1,综合,广东省,汕尾,"[""教
黑龙江工商学院""]",13300,2026-05-16 16:28:50.700411
13301,"省
哈尔滨远东理工学院",普通本科,1,综合,广东省,深圳,"[""省
哈尔滨远东理工学院""]",13301,2026-05-16 16:28:50.700411
13307,哈尔滨华德学院,普通本科,1,综合,广东省,惠州,"[""哈尔滨华德学院""]",13307,2026-05-16 16:28:50.700411
13324,山东协和学院,普通本科,1,综合,广东省,河源,"[""山东协和学院""]",13324,2026-05-16 16:28:50.700411
13326,滇池学院,普通本科,1,综合,广东省,广州,"[""滇池学院""]",13326,2026-05-16 16:28:50.700411
13328,丽江文化旅游学院,普通本科,1,综合,广东省,深圳,"[""丽江文化旅游学院""]",13328,2026-05-16 16:28:50.700411
13330,昆明城市学院,普通本科,1,综合,广东省,中山,"[""昆明城市学院""]",13330,2026-05-16 16:28:50.700411
13332,"东
昆明医科大学海源学院",普通本科,1,综合,广东省,佛山,"[""东
昆明医科大学海源学院""]",13332,2026-05-16 16:28:50.700411
13378,青岛城市学院,普通本科,1,综合,广东省,肇庆,"[""青岛城市学院""]",13378,2026-05-16 16:28:50.700411
13386,"广
山东石油化工学院",普通本科,1,综合,广东省,深圳,"[""广
山东石油化工学院""]",13386,2026-05-16 16:28:50.700411
13402,河北外国语学院,普通本科,1,综合,广东省,茂名,"[""河北外国语学院""]",13402,2026-05-16 16:28:50.700411
13408,华北理工大学轻工学院,普通本科,1,综合,广东省,广州,"[""华北理工大学轻工学院""]",13408,2026-05-16 16:28:50.700411
13415,河北医科大学临床学院,普通本科,1,综合,广东省,广州,"[""河北医科大学临床学院""]",13415,2026-05-16 16:28:50.700411
13418,江西服装学院,普通本科,1,综合,广东省,广州,"[""江西服装学院""]",13418,2026-05-16 16:28:50.700411
13420,南昌职业大学,普通本科,1,综合,广东省,汕头,"[""南昌职业大学""]",13420,2026-05-16 16:28:50.700411
13421,南昌工学院,普通本科,1,综合,广东省,珠海,"[""南昌工学院""]",13421,2026-05-16 16:28:50.700411
13429,南昌大学科学技术学院,普通本科,1,综合,广东省,广州,"[""南昌大学科学技术学院""]",13429,2026-05-16 16:28:50.700411
13431,南昌交通学院,普通本科,1,综合,广东省,广州,"[""南昌交通学院""]",13431,2026-05-16 16:28:50.700411
13432,赣东学院,普通本科,1,综合,广东省,韶关,"[""赣东学院""]",13432,2026-05-16 16:28:50.700411
13433,南昌航空大学科技学院,普通本科,1,综合,广东省,广州,"[""南昌航空大学科技学院""]",13433,2026-05-16 16:28:50.700411
13434,赣南科技学院,普通本科,1,综合,广东省,汕头,"[""赣南科技学院""]",13434,2026-05-16 16:28:50.700411
13435,景德镇艺术职业大学,普通本科,1,综合,广东省,广州,"[""景德镇艺术职业大学""]",13435,2026-05-16 16:28:50.700411
13436,江西农业大学南昌商学院,普通本科,1,综合,广东省,广州,"[""江西农业大学南昌商学院""]",13436,2026-05-16 16:28:50.700411
13437,"考
南昌医学院",普通本科,1,综合,广东省,广州,"[""考
南昌医学院""]",13437,2026-05-16 16:28:50.700411
13438,江西师范大学科学技术学院,普通本科,1,综合,广东省,广州,"[""江西师范大学科学技术学院""]",13438,2026-05-16 16:28:50.700411
13439,赣南师范大学科技学院,普通本科,1,综合,广东省,中山,"[""赣南师范大学科技学院""]",13439,2026-05-16 16:28:50.700411
13441,江西财经大学现代经济管理学院,普通本科,1,综合,广东省,广州,"[""江西财经大学现代经济管理学院""]",13441,2026-05-16 16:28:50.700411
13468,"省
阳光学院",普通本科,1,综合,广东省,广州,"[""省
阳光学院""]",13468,2026-05-16 16:28:50.700411
13469,"东
厦门大学嘉庚学院",普通本科,1,综合,广东省,梅州,"[""东
厦门大学嘉庚学院""]",13469,2026-05-16 16:28:50.700411
13470,"广
福州大学至诚学院",普通本科,1,综合,广东省,广州,"[""广
福州大学至诚学院""]",13470,2026-05-16 16:28:50.700411
13471,集美大学诚毅学院,普通本科,1,综合,广东省,佛山,"[""集美大学诚毅学院""]",13471,2026-05-16 16:28:50.700411
13472,福建师范大学协和学院,普通本科,1,综合,广东省,潮州,"[""福建师范大学协和学院""]",13472,2026-05-16 16:28:50.700411
13497,郑州财经学院,普通本科,1,综合,广东省,东莞,"[""郑州财经学院""]",13497,2026-05-16 16:28:50.700411
13500,商丘工学院,普通本科,1,综合,广东省,深圳,"[""商丘工学院""]",13500,2026-05-16 16:28:50.700411
13501,河南开封科技传媒学院,普通本科,1,综合,广东省,河源,"[""河南开封科技传媒学院""]",13501,2026-05-16 16:28:50.700411
13505,新乡医学院三全学院,普通本科,1,综合,广东省,东莞,"[""新乡医学院三全学院""]",13505,2026-05-16 16:28:50.700411
13514,兰州博文科技学院,普通本科,1,综合,广东省,广州,"[""兰州博文科技学院""]",13514,2026-05-16 16:28:50.700411
13534,山西工学院,普通本科,1,综合,广东省,深圳,"[""山西工学院""]",13534,2026-05-16 16:28:50.700411
13538,山西晋中理工学院,普通本科,1,综合,广东省,茂名,"[""山西晋中理工学院""]",13538,2026-05-16 16:28:50.700411
13558,新疆理工学院,普通本科,1,综合,广东省,东莞,"[""新疆理工学院""]",13558,2026-05-16 16:28:50.700411
13560,新疆第二医学院,普通本科,1,综合,广东省,佛山,"[""新疆第二医学院""]",13560,2026-05-16 16:28:50.700411
13561,新疆科技学院,普通本科,1,综合,广东省,梅州,"[""新疆科技学院""]",13561,2026-05-16 16:28:50.700411
13571,无锡太湖学院,普通本科,1,综合,广东省,湛江,"[""无锡太湖学院""]",13571,2026-05-16 16:28:50.700411
13578,河北工程大学科信学院,普通本科,1,综合,广东省,广州,"[""河北工程大学科信学院""]",13578,2026-05-16 16:28:50.700411
13579,中国矿业大学徐海学院,普通本科,1,综合,广东省,广州,"[""中国矿业大学徐海学院""]",13579,2026-05-16 16:28:50.700411
13588,"考
重庆外语外事学院",普通本科,1,综合,广东省,广州,"[""考
重庆外语外事学院""]",13588,2026-05-16 16:28:50.700411
13589,重庆对外经贸学院,普通本科,1,综合,广东省,中山,"[""重庆对外经贸学院""]",13589,2026-05-16 16:28:50.700411
13590,重庆财经学院,普通本科,1,综合,广东省,深圳,"[""重庆财经学院""]",13590,2026-05-16 16:28:50.700411
13593,"教
石家庄铁道大学四方学院",普通本科,1,综合,广东省,佛山,"[""教
石家庄铁道大学四方学院""]",13593,2026-05-16 16:28:50.700411
13594,"省
河北地质大学华信学院",普通本科,1,综合,广东省,江门,"[""省
河北地质大学华信学院""]",13594,2026-05-16 16:28:50.700411
13597,山西科技学院,普通本科,1,综合,广东省,韶关,"[""山西科技学院""]",13597,2026-05-16 16:28:50.700411
13602,长春电子科技学院,普通本科,1,综合,广东省,广州,"[""长春电子科技学院""]",13602,2026-05-16 16:28:50.700411
13603,长春财经学院,普通本科,1,综合,广东省,汕头,"[""长春财经学院""]",13603,2026-05-16 16:28:50.700411
13604,吉林建筑科技学院,普通本科,1,综合,广东省,深圳,"[""吉林建筑科技学院""]",13604,2026-05-16 16:28:50.700411
13606,"教
长春科技学院",普通本科,1,综合,广东省,肇庆,"[""教
长春科技学院""]",13606,2026-05-16 16:28:50.700411
13609,辽宁中医药大学杏林学院,普通本科,1,综合,广东省,深圳,"[""辽宁中医药大学杏林学院""]",13609,2026-05-16 16:28:50.700411
13610,"省
辽宁何氏医学院",普通本科,1,综合,广东省,广州,"[""省
辽宁何氏医学院""]",13610,2026-05-16 16:28:50.700411
13611,蚌埠工商学院,普通本科,1,综合,广东省,茂名,"[""蚌埠工商学院""]",13611,2026-05-16 16:28:50.700411
13614,马鞍山学院,普通本科,1,综合,广东省,广州,"[""马鞍山学院""]",13614,2026-05-16 16:28:50.700411
13615,"东
合肥城市学院",普通本科,1,综合,广东省,广州,"[""东
合肥城市学院""]",13615,2026-05-16 16:28:50.700411
13618,安徽医科大学临床医学院,普通本科,1,综合,广东省,惠州,"[""安徽医科大学临床医学院""]",13618,2026-05-16 16:28:50.700411
13622,吉林师范大学博达学院,普通本科,1,综合,广东省,惠州,"[""吉林师范大学博达学院""]",13622,2026-05-16 16:28:50.700411
13625,"广
昆明文理学院",普通本科,1,综合,广东省,珠海,"[""广
昆明文理学院""]",13625,2026-05-16 16:28:50.700411
13626,昆明理工大学津桥学院,普通本科,1,综合,广东省,珠海,"[""昆明理工大学津桥学院""]",13626,2026-05-16 16:28:50.700411
13627,重庆移通学院,普通本科,1,综合,广东省,佛山,"[""重庆移通学院""]",13627,2026-05-16 16:28:50.700411
13628,新疆政法学院,普通本科,1,综合,广东省,广州,"[""新疆政法学院""]",13628,2026-05-16 16:28:50.700411
13631,大连东软信息学院,普通本科,1,综合,广东省,广州,"[""大连东软信息学院""]",13631,2026-05-16 16:28:50.700411
13634,武汉学院,普通本科,1,综合,广东省,广州,"[""武汉学院""]",13634,2026-05-16 16:28:50.700411
13635,长沙理工大学城南学院,普通本科,1,综合,广东省,潮州,"[""长沙理工大学城南学院""]",13635,2026-05-16 16:28:50.700411
13639,柳州工学院,普通本科,1,综合,广东省,东莞,"[""柳州工学院""]",13639,2026-05-16 16:28:50.700411
13640,广西民族大学相思湖学院,普通本科,1,综合,广东省,广州,"[""广西民族大学相思湖学院""]",13640,2026-05-16 16:28:50.700411
13641,桂林学院,普通本科,1,综合,广东省,广州,"[""桂林学院""]",13641,2026-05-16 16:28:50.700411
13643,广西中医药大学赛恩斯新医药学院,普通本科,1,综合,广东省,阳江,"[""广西中医药大学赛恩斯新医药学院""]",13643,2026-05-16 16:28:50.700411
13644,桂林信息科技学院,普通本科,1,综合,广东省,广州,"[""桂林信息科技学院""]",13644,2026-05-16 16:28:50.700411
13645,南宁理工学院,普通本科,1,综合,广东省,东莞,"[""南宁理工学院""]",13645,2026-05-16 16:28:50.700411
13647,贵州中医药大学时珍学院,普通本科,1,综合,广东省,广州,"[""贵州中医药大学时珍学院""]",13647,2026-05-16 16:28:50.700411
13651,贵阳人文科技学院,普通本科,1,综合,广东省,东莞,"[""贵阳人文科技学院""]",13651,2026-05-16 16:28:50.700411
13653,"育
遵义医科大学医学与科技学院",普通本科,1,综合,广东省,深圳,"[""育
遵义医科大学医学与科技学院""]",13653,2026-05-16 16:28:50.700411
13654,南京理工大学紫金学院,普通本科,1,综合,广东省,韶关,"[""南京理工大学紫金学院""]",13654,2026-05-16 16:28:50.700411
13655,"教
南京航空航天大学金城学院",普通本科,1,综合,广东省,河源,"[""教
南京航空航天大学金城学院""]",13655,2026-05-16 16:28:50.700411
13656,"省
广州华立学院(国际班)",普通本科,1,综合,广东省,佛山,"[""省
广州华立学院(国际班)""]",13656,2026-05-16 16:28:50.700411
13657,广州应用科技学院,普通本科,1,综合,广东省,珠海,"[""广州应用科技学院""]",13657,2026-05-16 16:28:50.700411
13660,天津商业大学宝德学院,普通本科,1,综合,广东省,潮州,"[""天津商业大学宝德学院""]",13660,2026-05-16 16:28:50.700411
13661,天津医科大学临床医学院,普通本科,1,综合,广东省,珠海,"[""天津医科大学临床医学院""]",13661,2026-05-16 16:28:50.700411
13662,长春人文学院,普通本科,1,综合,广东省,广州,"[""长春人文学院""]",13662,2026-05-16 16:28:50.700411
13665,电子科技大学成都学院,普通本科,1,综合,广东省,佛山,"[""电子科技大学成都学院""]",13665,2026-05-16 16:28:50.700411
13666,武汉华夏理工学院,普通本科,1,综合,广东省,东莞,"[""武汉华夏理工学院""]",13666,2026-05-16 16:28:50.700411
13667,广州商学院,普通本科,1,综合,广东省,广州,"[""广州商学院""]",13667,2026-05-16 16:28:50.700411
13668,"试
成都理工大学工程技术学院",普通本科,1,综合,广东省,中山,"[""试
成都理工大学工程技术学院""]",13668,2026-05-16 16:28:50.700411
13669,四川传媒学院,普通本科,1,综合,广东省,河源,"[""四川传媒学院""]",13669,2026-05-16 16:28:50.700411
13670,"考
成都银杏酒店管理学院",普通本科,1,综合,广东省,河源,"[""考
成都银杏酒店管理学院""]",13670,2026-05-16 16:28:50.700411
13673,成都外国语学院,普通本科,1,综合,广东省,广州,"[""成都外国语学院""]",13673,2026-05-16 16:28:50.700411
13677,西安交通大学城市学院,普通本科,1,综合,广东省,深圳,"[""西安交通大学城市学院""]",13677,2026-05-16 16:28:50.700411
13678,"育
西北大学现代学院",普通本科,1,综合,广东省,云浮,"[""育
西北大学现代学院""]",13678,2026-05-16 16:28:50.700411
13679,西安建筑科技大学华清学院,普通本科,1,综合,广东省,肇庆,"[""西安建筑科技大学华清学院""]",13679,2026-05-16 16:28:50.700411
13682,西安工商学院,普通本科,1,综合,广东省,深圳,"[""西安工商学院""]",13682,2026-05-16 16:28:50.700411
13684,"教
珠海科技学院",普通本科,1,综合,广东省,潮州,"[""教
珠海科技学院""]",13684,2026-05-16 16:28:50.700411
13686,武汉传媒学院,普通本科,1,综合,广东省,韶关,"[""武汉传媒学院""]",13686,2026-05-16 16:28:50.700411
13687,南京传媒学院,普通本科,1,综合,广东省,广州,"[""南京传媒学院""]",13687,2026-05-16 16:28:50.700411
13705,成都医学院,普通本科,1,综合,广东省,东莞,"[""成都医学院""]",13705,2026-05-16 16:28:50.700411
13714,广州工商学院,普通本科,1,综合,广东省,广州,"[""广州工商学院""]",13714,2026-05-16 16:28:50.700411
13717,广州科技职业技术大学,普通本科,1,综合,广东省,深圳,"[""广州科技职业技术大学""]",13717,2026-05-16 16:28:50.700411
13719,广东科技学院,普通本科,1,综合,广东省,广州,"[""广东科技学院""]",13719,2026-05-16 16:28:50.700411
13720,广东理工学院,普通本科,1,综合,广东省,茂名,"[""广东理工学院""]",13720,2026-05-16 16:28:50.700411
13721,广东工商职业技术大学,普通本科,1,综合,广东省,深圳,"[""广东工商职业技术大学""]",13721,2026-05-16 16:28:50.700411
13744,黑河学院,普通本科,1,综合,广东省,广州,"[""黑河学院""]",13744,2026-05-16 16:28:50.700411
13762,福州外语外贸学院,普通本科,1,综合,广东省,广州,"[""福州外语外贸学院""]",13762,2026-05-16 16:28:50.700411
13763,福建江夏学院,普通本科,1,综合,广东省,佛山,"[""福建江夏学院""]",13763,2026-05-16 16:28:50.700411
13766,泉州信息工程学院,普通本科,1,综合,广东省,潮州,"[""泉州信息工程学院""]",13766,2026-05-16 16:28:50.700411
13773,福州理工学院,普通本科,1,综合,广东省,广州,"[""福州理工学院""]",13773,2026-05-16 16:28:50.700411
13774,豫章师范学院,普通本科,1,综合,广东省,广州,"[""豫章师范学院""]",13774,2026-05-16 16:28:50.700411
13776,江西软件职业技术大学,普通本科,1,综合,广东省,中山,"[""江西软件职业技术大学""]",13776,2026-05-16 16:28:50.700411
13809,湖南应用技术学院,普通本科,1,综合,广东省,广州,"[""湖南应用技术学院""]",13809,2026-05-16 16:28:50.700411
13810,肇庆医学院(原肇庆医学高等专科学校),普通本科,1,综合,广东省,广州,"[""肇庆医学院(原肇庆医学高等专科学校)""]",13810,2026-05-16 16:28:50.700411
13811,琼台师范学院,普通本科,1,综合,广东省,广州,"[""琼台师范学院""]",13811,2026-05-16 16:28:50.700411
13816,四川工业科技学院,普通本科,1,综合,广东省,深圳,"[""四川工业科技学院""]",13816,2026-05-16 16:28:50.700411
13830,"省
广西外国语学院",普通本科,1,综合,广东省,广州,"[""省
广西外国语学院""]",13830,2026-05-16 16:28:50.700411
13842,南京理工大学泰州科技学院,普通本科,1,综合,广东省,广州,"[""南京理工大学泰州科技学院""]",13842,2026-05-16 16:28:50.700411
13844,东莞城市学院,普通本科,1,综合,广东省,广州,"[""东莞城市学院""]",13844,2026-05-16 16:28:50.700411
13892,三亚学院,普通本科,1,综合,广东省,潮州,"[""三亚学院""]",13892,2026-05-16 16:28:50.700411
13893,上海师范大学天华学院,普通本科,1,综合,广东省,广州,"[""上海师范大学天华学院""]",13893,2026-05-16 16:28:50.700411
13894,"广
西安明德理工学院",普通本科,1,综合,广东省,佛山,"[""广
西安明德理工学院""]",13894,2026-05-16 16:28:50.700411
13897,天津理工大学中环信息学院,普通本科,1,综合,广东省,东莞,"[""天津理工大学中环信息学院""]",13897,2026-05-16 16:28:50.700411
13898,北京科技大学天津学院,普通本科,1,综合,广东省,深圳,"[""北京科技大学天津学院""]",13898,2026-05-16 16:28:50.700411
13899,北京中医药大学东方学院,普通本科,1,综合,广东省,珠海,"[""北京中医药大学东方学院""]",13899,2026-05-16 16:28:50.700411
13901,北京邮电大学世纪学院,普通本科,1,综合,广东省,广州,"[""北京邮电大学世纪学院""]",13901,2026-05-16 16:28:50.700411
13902,广州新华学院,普通本科,1,综合,广东省,阳江,"[""广州新华学院""]",13902,2026-05-16 16:28:50.700411
13903,成都锦城学院,普通本科,1,综合,广东省,广州,"[""成都锦城学院""]",13903,2026-05-16 16:28:50.700411
13905,南京工业大学浦江学院,普通本科,1,综合,广东省,广州,"[""南京工业大学浦江学院""]",13905,2026-05-16 16:28:50.700411
13906,南京师范大学中北学院,普通本科,1,综合,广东省,深圳,"[""南京师范大学中北学院""]",13906,2026-05-16 16:28:50.700411
13920,广西城市职业大学,普通本科,1,综合,广东省,云浮,"[""广西城市职业大学""]",13920,2026-05-16 16:28:50.700411
13924,湖南交通工程学院,普通本科,1,综合,广东省,广州,"[""湖南交通工程学院""]",13924,2026-05-16 16:28:50.700411
13980,"试
南京医科大学康达学院",普通本科,1,综合,广东省,东莞,"[""试
南京医科大学康达学院""]",13980,2026-05-16 16:28:50.700411
13982,无锡学院,普通本科,1,综合,广东省,深圳,"[""无锡学院""]",13982,2026-05-16 16:28:50.700411
13983,"育
苏州城市学院",普通本科,1,综合,广东省,中山,"[""育
苏州城市学院""]",13983,2026-05-16 16:28:50.700411
13984,苏州大学应用技术学院,普通本科,1,综合,广东省,广州,"[""苏州大学应用技术学院""]",13984,2026-05-16 16:28:50.700411
13986,"教
江苏大学京江学院",普通本科,1,综合,广东省,梅州,"[""教
江苏大学京江学院""]",13986,2026-05-16 16:28:50.700411
13987,"省
扬州大学广陵学院",普通本科,1,综合,广东省,广州,"[""省
扬州大学广陵学院""]",13987,2026-05-16 16:28:50.700411
13988,江苏师范大学科文学院,普通本科,1,综合,广东省,广州,"[""江苏师范大学科文学院""]",13988,2026-05-16 16:28:50.700411
13989,"教
南京邮电大学通达学院",普通本科,1,综合,广东省,深圳,"[""教
南京邮电大学通达学院""]",13989,2026-05-16 16:28:50.700411
13990,南京财经大学红山学院,普通本科,1,综合,广东省,广州,"[""南京财经大学红山学院""]",13990,2026-05-16 16:28:50.700411
13991,"省
江苏科技大学苏州理工学院",普通本科,1,综合,广东省,佛山,"[""省
江苏科技大学苏州理工学院""]",13991,2026-05-16 16:28:50.700411
13992,常州大学怀德学院,普通本科,1,综合,广东省,深圳,"[""常州大学怀德学院""]",13992,2026-05-16 16:28:50.700411
13993,南通大学杏林学院,普通本科,1,综合,广东省,湛江,"[""南通大学杏林学院""]",13993,2026-05-16 16:28:50.700411
13994,"广
南京审计大学金审学院",普通本科,1,综合,广东省,广州,"[""广
南京审计大学金审学院""]",13994,2026-05-16 16:28:50.700411
13995,青岛工学院,普通本科,1,综合,广东省,佛山,"[""青岛工学院""]",13995,2026-05-16 16:28:50.700411
13998,齐鲁理工学院,普通本科,1,综合,广东省,广州,"[""齐鲁理工学院""]",13998,2026-05-16 16:28:50.700411
14030,西安信息职业大学,普通本科,1,综合,广东省,广州,"[""西安信息职业大学""]",14030,2026-05-16 16:28:50.700411
14037,西南财经大学天府学院,普通本科,1,综合,广东省,佛山,"[""西南财经大学天府学院""]",14037,2026-05-16 16:28:50.700411
14038,天津仁爱学院,普通本科,1,综合,广东省,广州,"[""天津仁爱学院""]",14038,2026-05-16 16:28:50.700411
14039,四川大学锦江学院,普通本科,1,综合,广东省,广州,"[""四川大学锦江学院""]",14039,2026-05-16 16:28:50.700411
14042,西安科技大学高新学院,普通本科,1,综合,广东省,清远,"[""西安科技大学高新学院""]",14042,2026-05-16 16:28:50.700411
14046,福建农林大学金山学院(中外合作办学),普通本科,1,综合,广东省,阳江,"[""福建农林大学金山学院(中外合作办学)""]",14046,2026-05-16 16:28:50.700411
14087,天津财经大学珠江学院,普通本科,1,综合,广东省,广州,"[""天津财经大学珠江学院""]",14087,2026-05-16 16:28:50.700411
14099,湖北第二师范学院,普通本科,1,综合,广东省,广州,"[""湖北第二师范学院""]",14099,2026-05-16 16:28:50.700411
14101,太原工业学院,普通本科,1,综合,广东省,珠海,"[""太原工业学院""]",14101,2026-05-16 16:28:50.700411
14139,民政职业大学,普通本科,1,综合,广东省,广州,"[""民政职业大学""]",14139,2026-05-16 16:28:50.700411
14160,宿迁学院,普通本科,1,综合,广东省,深圳,"[""宿迁学院""]",14160,2026-05-16 16:28:50.700411
14172,海南科技职业大学,普通本科,1,综合,广东省,广州,"[""海南科技职业大学""]",14172,2026-05-16 16:28:50.700411
14201,"试
北京第二外国语学院中瑞酒店管理学院",普通本科,1,综合,广东省,惠州,"[""试
北京第二外国语学院中瑞酒店管理学院""]",14201,2026-05-16 16:28:50.700411
14202,沧州交通学院,普通本科,1,综合,广东省,珠海,"[""沧州交通学院""]",14202,2026-05-16 16:28:50.700411
14203,"考
皖江工学院",普通本科,1,综合,广东省,深圳,"[""考
皖江工学院""]",14203,2026-05-16 16:28:50.700411
14207,上海财经大学浙江学院,普通本科,1,综合,广东省,广州,"[""上海财经大学浙江学院""]",14207,2026-05-16 16:28:50.700411
14223,"育
贵州师范学院",普通本科,1,综合,广东省,广州,"[""育
贵州师范学院""]",14223,2026-05-16 16:28:50.700411
14225,河北东方学院,普通本科,1,综合,广东省,珠海,"[""河北东方学院""]",14225,2026-05-16 16:28:50.700411
14226,"省
运城职业技术大学",普通本科,1,综合,广东省,深圳,"[""省
运城职业技术大学""]",14226,2026-05-16 16:28:50.700411
14278,广东第二师范学院,普通本科,1,综合,广东省,深圳,"[""广东第二师范学院""]",14278,2026-05-16 16:28:50.700411
14327,青岛电影学院,普通本科,1,综合,广东省,茂名,"[""青岛电影学院""]",14327,2026-05-16 16:28:50.700411
14389,成都师范学院,普通本科,1,综合,广东省,广州,"[""成都师范学院""]",14389,2026-05-16 16:28:50.700411
14410,四川电影电视学院,普通本科,1,综合,广东省,珠海,"[""四川电影电视学院""]",14410,2026-05-16 16:28:50.700411
14432,河北中医药大学,普通本科,1,综合,广东省,广州,"[""河北中医药大学""]",14432,2026-05-16 16:28:50.700411
14434,山西传媒学院,普通本科,1,综合,广东省,深圳,"[""山西传媒学院""]",14434,2026-05-16 16:28:50.700411
14437,南昌师范学院,普通本科,1,综合,广东省,广州,"[""南昌师范学院""]",14437,2026-05-16 16:28:50.700411
14527,山西工程技术学院,普通本科,1,综合,广东省,惠州,"[""山西工程技术学院""]",14527,2026-05-16 16:28:50.700411
14596,中国社会科学院大学,普通本科,1,综合,广东省,清远,"[""中国社会科学院大学""]",14596,2026-05-16 16:28:50.700411
14623,滇西应用技术大学,普通本科,1,综合,广东省,肇庆,"[""滇西应用技术大学""]",14623,2026-05-16 16:28:50.700411
14625,茅台学院,普通本科,1,综合,广东省,广州,"[""茅台学院""]",14625,2026-05-16 16:28:50.700411
14654,郑州西亚斯学院(中外合作办学),普通本科,1,综合,广东省,珠海,"[""郑州西亚斯学院(中外合作办学)""]",14654,2026-05-16 16:28:50.700411
14655,深圳技术大学,普通本科,1,综合,广东省,广州,"[""深圳技术大学""]",14655,2026-05-16 16:28:50.700411
14829,海南比勒费尔德应用科学大学,普通本科,1,综合,广东省,广州,"[""海南比勒费尔德应用科学大学""]",14829,2026-05-16 16:28:50.700411
14830,重庆中医药学院,普通本科,1,综合,广东省,梅州,"[""重庆中医药学院""]",14830,2026-05-16 16:28:50.700411
14851,香港城市大学(东莞),普通本科,1,综合,广东省,深圳,"[""香港城市大学(东莞)""]",14851,2026-05-16 16:28:50.700411
14880,"考
深圳理工大学",普通本科,1,综合,广东省,深圳,"[""考
深圳理工大学""]",14880,2026-05-16 16:28:50.700411
16202,河北石油职业技术大学,普通本科,1,综合,广东省,广州,"[""河北石油职业技术大学""]",16202,2026-05-16 16:28:50.700411
16203,河北科技工程职业技术大学,普通本科,1,综合,广东省,深圳,"[""河北科技工程职业技术大学""]",16203,2026-05-16 16:28:50.700411
16205,广西农业职业技术大学,普通本科,1,综合,广东省,广州,"[""广西农业职业技术大学""]",16205,2026-05-16 16:28:50.700411
16206,贵阳康养职业大学,普通本科,1,综合,广东省,东莞,"[""贵阳康养职业大学""]",16206,2026-05-16 16:28:50.700411
16208,兰州资源环境职业技术大学,普通本科,1,综合,广东省,广州,"[""兰州资源环境职业技术大学""]",16208,2026-05-16 16:28:50.700411
16209,"省
兰州石化职业技术大学",普通本科,1,综合,广东省,梅州,"[""省
兰州石化职业技术大学""]",16209,2026-05-16 16:28:50.700411
16301,宁波诺丁汉大学,普通本科,1,综合,广东省,汕头,"[""宁波诺丁汉大学""]",16301,2026-05-16 16:28:50.700411
16302,西交利物浦大学,普通本科,1,综合,广东省,广州,"[""西交利物浦大学""]",16302,2026-05-16 16:28:50.700411
16401,北京师范大学-香港浸会大学联合国际学院,普通本科,1,综合,广东省,广州,"[""北京师范大学-香港浸会大学联合国际学院""]",16401,2026-05-16 16:28:50.700411
16405,温州肯恩大学,普通本科,1,综合,广东省,广州,"[""温州肯恩大学""]",16405,2026-05-16 16:28:50.700411
16409,深圳北理莫斯科大学,普通本科,1,综合,广东省,东莞,"[""深圳北理莫斯科大学""]",16409,2026-05-16 16:28:50.700411
16410,广东以色列理工学院,普通本科,1,综合,广东省,广州,"[""广东以色列理工学院""]",16410,2026-05-16 16:28:50.700411
18213,哈尔滨工业大学(深圳),普通本科,1,综合,广东省,东莞,"[""哈尔滨工业大学(深圳)""]",18213,2026-05-16 16:28:50.700411
19001,"东
北京大学医学部",普通本科,1,综合,广东省,广州,"[""东
北京大学医学部""]",19001,2026-05-16 16:28:50.700411
19002,"广
中国人民大学(苏州校区)(中外合作办学)",普通本科,1,综合,广东省,佛山,"[""广
中国人民大学(苏州校区)(中外合作办学)""]",19002,2026-05-16 16:28:50.700411
19004,北京交通大学(威海校区)(中外合作办学),普通本科,1,综合,广东省,广州,"[""北京交通大学(威海校区)(中外合作办学)""]",19004,2026-05-16 16:28:50.700411
19013,北京邮电大学(宏福校区)(中外合作办学),普通本科,1,综合,广东省,广州,"[""北京邮电大学(宏福校区)(中外合作办学)""]",19013,2026-05-16 16:28:50.700411
19027,北京师范大学(珠海校区),普通本科,1,综合,广东省,阳江,"[""北京师范大学(珠海校区)""]",19027,2026-05-16 16:28:50.700411
19141,大连理工大学(盘锦校区),普通本科,1,综合,广东省,江门,"[""大连理工大学(盘锦校区)""]",19141,2026-05-16 16:28:50.700411
19145,东北大学秦皇岛分校,普通本科,1,综合,广东省,深圳,"[""东北大学秦皇岛分校""]",19145,2026-05-16 16:28:50.700411
19213,哈尔滨工业大学(威海),普通本科,1,综合,广东省,韶关,"[""哈尔滨工业大学(威海)""]",19213,2026-05-16 16:28:50.700411
19246,复旦大学医学院,普通本科,1,综合,广东省,广州,"[""复旦大学医学院""]",19246,2026-05-16 16:28:50.700411
19248,上海交通大学医学院,普通本科,1,综合,广东省,梅州,"[""上海交通大学医学院""]",19248,2026-05-16 16:28:50.700411
19335,浙江大学医学院,普通本科,1,综合,广东省,茂名,"[""浙江大学医学院""]",19335,2026-05-16 16:28:50.700411
19359,合肥工业大学(宣城校区),普通本科,1,综合,广东省,广州,"[""合肥工业大学(宣城校区)""]",19359,2026-05-16 16:28:50.700411
19414,中国石油大学(北京)克拉玛依校区,普通本科,1,综合,广东省,深圳,"[""中国石油大学(北京)克拉玛依校区""]",19414,2026-05-16 16:28:50.700411
19422,山东大学威海分校,普通本科,1,综合,广东省,广州,"[""山东大学威海分校""]",19422,2026-05-16 16:28:50.700411
19614,"考
电子科技大学(沙河校区)",普通本科,1,综合,广东省,佛山,"[""考
电子科技大学(沙河校区)""]",19614,2026-05-16 16:28:50.700411
19635,"育
西南大学(荣昌校区)",普通本科,1,综合,广东省,东莞,"[""育
西南大学(荣昌校区)""]",19635,2026-05-16 16:28:50.700411
51285,江西飞行学院,普通本科,1,综合,广东省,广州,"[""江西飞行学院""]",51285,2026-05-16 16:28:50.700411
51721,河北环境工程学院,普通本科,1,综合,广东省,深圳,"[""河北环境工程学院""]",51721,2026-05-16 16:28:50.700411
80001,汕头大学医学院,普通本科,1,综合,广东省,肇庆,"[""汕头大学医学院""]",80001,2026-05-16 16:28:50.700411
80002,华南师范大学(汕尾校区),普通本科,1,综合,广东省,云浮,"[""华南师范大学(汕尾校区)""]",80002,2026-05-16 16:28:50.700411
80003,广东工业大学(揭阳校区),普通本科,1,综合,广东省,佛山,"[""广东工业大学(揭阳校区)""]",80003,2026-05-16 16:28:50.700411
80004,"东
广东技术师范大学(河源校区)",普通本科,1,综合,广东省,广州,"[""东
广东技术师范大学(河源校区)""]",80004,2026-05-16 16:28:50.700411
81012,香港珠海学院,普通本科,1,综合,广东省,广州,"[""香港珠海学院""]",81012,2026-05-16 16:28:50.700411
91004,"广
陆军工程大学",普通本科,1,综合,广东省,深圳,"[""广
陆军工程大学""]",91004,2026-05-16 16:28:50.700411
91012,陆军军医大学,普通本科,1,综合,广东省,潮州,"[""陆军军医大学""]",91012,2026-05-16 16:28:50.700411
